{
    "$schema": "https://schema.management.azure.com/schemas/2015-01-01/deploymentTemplate.json#",
    "contentVersion": "1.0.0.0",
    "resources": [
        {
            "apiVersion": "2015-06-15",
            "type": "Microsoft.Compute/virtualMachines/extensions",
            "name": "test-immersion-script",
            "location": "[resourceGroup().location]",
            "tags": {
                "displayName": "test-immersion-script"
            },
            "properties": {
                "publisher": "Microsoft.Compute",
                "type": "CustomScriptExtension",
                "typeHandlerVersion": "1.9",
                "autoUpgradeMinorVersion": false,
                "settings": {
                    "fileUris": [
                        "https://raw.githubusercontent.com/shrutikamendhe/toremovethis/master/Immersion.psm1"
                    ],
                    "scriptFileUri": "https://raw.githubusercontent.com/shrutikamendhe/toremovethis/master/PostDeploy.ps1",
                    "otherFileUris": [
                        "https://raw.githubusercontent.com/shrutikamendhe/toremovethis/master/PostReboot.ps1"
                    ],
                    "installGuide": true,
                    "storageSentinelName": "",
                    "vmLocalUserName": "vmb5qkvsur2m5p6",
                    "commandToExecute": "powershell -NoProfile -NonInteractive -ExecutionPolicy Unrestricted -Command \"Import-Module (Get-ChildItem -Recurse -Path Immersion.psm1).FullName; Invoke-CustomScript\""
                },
                "protectedSettings": {
                    "storageAccountName": "c2ctestmachine",
                    "storageAccountKey": "4lHTglqd2vroVd0kuk44xoMMWQAGOE5sR7MBlhnsLfYgQ3j7yAUQSW1uG2kihN4cykWQ6otZc+Obs+C5KQYinA==",
                    "vmLocalUserPassword": "ShruPat@123456"
                }
            }
        }
    ]
}