{
    "$schema": "https://schema.management.azure.com/schemas/2015-01-01/deploymentTemplate.json#",
    "contentVersion": "1.0.0.0",
    "parameters": {
        "storageName": {
            "type": "string",
            "defaultValue": "c2ctestmachine"
        },
        "storageKey": {
            "type": "string",
            "defaultValue": "4lHTglqd2vroVd0kuk44xoMMWQAGOE5sR7MBlhnsLfYgQ3j7yAUQSW1uG2kihN4cykWQ6otZc+Obs+C5KQYinA=="
        },
        "vmDisk": {
            "type": "string",
            "defaultValue": "https://c2ckapsvhddisks438.blob.core.windows.net/vhds/mywin10srv20171101155237.vhd"
        },
        "postDeployScriptFileLink": {
            "type": "string",
            "defaultValue": "https://raw.githubusercontent.com/shrutikamendhe/toremovethis/master/PostDeploy.ps1"
        },
        "immersionScriptModuleFileLink": {
            "type": "string",
            "defaultValue": "https://raw.githubusercontent.com/shrutikamendhe/toremovethis/master/Immersion.psm1"
        },
        "postRebootScriptFileLink": {
            "type": "string",
            "defaultValue": "https://raw.githubusercontent.com/shrutikamendhe/toremovethis/master/PostReboot.ps1"
        },
        "vmAdminUserName": {
            "type": "string",
            "defaultValue": "contosoadmin"
        },
        "vmAdminPassword": {
            "type": "securestring",
            "defaultValue": "ShruPat@123456"
        },
        "vmName": {
            "type": "string",
            "defaultValue": "jumphost"
        },
        "vmLocalUserName": {
            "type": "string",
            "defaultValue": "Richard"
        },
        "vmLocalUserPassword": {
            "type": "string",
            "defaultValue": "ShruPat@123456"
        }
    },
    "variables": {
        "virtualNetworkName": "contosonet",
        "vNetPrefix": "10.0.0.0/16",
        "vNetSubnet1Name": "Subnet-1",
        "vNetSubnet1Prefix": "10.0.0.0/24",
        "vNetSubnet2Name": "Subnet-2",
        "vNetSubnet2Prefix": "10.0.1.0/24",
        "vmSize": "Standard_DS2",
        "vNetID": "[resourceId('Microsoft.Network/virtualNetworks', variables('virtualNetworkName'))]",
        "vmSubnetRef": "[concat(variables('vNetID'), '/subnets/', variables('vNetSubnet1Name'))]",
        "jumphostNic": "[concat(parameters('vmName'), 'Nic')]",
        "publicIPName": "[concat(parameters('vmName'), 'PublicIP')]",
        "vmStorageAccountContainerName": "vhds",
        "vmOSDiskName": "[concat(parameters('vmName'), 'OSDisk.vhd')]",
        "vmVhd": "[split(parameters('vmDisk'), '?')[0]]",
        "vmPublicIpDnsName": "[concat(parameters('vmName'), uniqueString(subscription().id, resourceGroup().id))]",
        "wadlogs": "<WadCfg> <DiagnosticMonitorConfiguration overallQuotaInMB=\"4096\" xmlns=\"http://schemas.microsoft.com/ServiceHosting/2010/10/DiagnosticsConfiguration\"> <DiagnosticInfrastructureLogs scheduledTransferLogLevelFilter=\"Error\"/> <WindowsEventLog scheduledTransferPeriod=\"PT1M\" > <DataSource name=\"Application!*[System[(Level = 1 or Level = 2)]]\" /> <DataSource name=\"Security!*[System[(Level = 1 or Level = 2)]]\" /> <DataSource name=\"System!*[System[(Level = 1 or Level = 2)]]\" /></WindowsEventLog>",
        "wadperfcounters1": "<PerformanceCounters scheduledTransferPeriod=\"PT1M\"><PerformanceCounterConfiguration counterSpecifier=\"\\Processor(_Total)\\% Processor Time\" sampleRate=\"PT15S\" unit=\"Percent\"><annotation displayName=\"CPU utilization\" locale=\"en-us\"/></PerformanceCounterConfiguration><PerformanceCounterConfiguration counterSpecifier=\"\\Processor(_Total)\\% Privileged Time\" sampleRate=\"PT15S\" unit=\"Percent\"><annotation displayName=\"CPU privileged time\" locale=\"en-us\"/></PerformanceCounterConfiguration><PerformanceCounterConfiguration counterSpecifier=\"\\Processor(_Total)\\% User Time\" sampleRate=\"PT15S\" unit=\"Percent\"><annotation displayName=\"CPU user time\" locale=\"en-us\"/></PerformanceCounterConfiguration><PerformanceCounterConfiguration counterSpecifier=\"\\Processor Information(_Total)\\Processor Frequency\" sampleRate=\"PT15S\" unit=\"Count\"><annotation displayName=\"CPU frequency\" locale=\"en-us\"/></PerformanceCounterConfiguration><PerformanceCounterConfiguration counterSpecifier=\"\\System\\Processes\" sampleRate=\"PT15S\" unit=\"Count\"><annotation displayName=\"Processes\" locale=\"en-us\"/></PerformanceCounterConfiguration><PerformanceCounterConfiguration counterSpecifier=\"\\Process(_Total)\\Thread Count\" sampleRate=\"PT15S\" unit=\"Count\"><annotation displayName=\"Threads\" locale=\"en-us\"/></PerformanceCounterConfiguration><PerformanceCounterConfiguration counterSpecifier=\"\\Process(_Total)\\Handle Count\" sampleRate=\"PT15S\" unit=\"Count\"><annotation displayName=\"Handles\" locale=\"en-us\"/></PerformanceCounterConfiguration><PerformanceCounterConfiguration counterSpecifier=\"\\Memory\\% Committed Bytes In Use\" sampleRate=\"PT15S\" unit=\"Percent\"><annotation displayName=\"Memory usage\" locale=\"en-us\"/></PerformanceCounterConfiguration><PerformanceCounterConfiguration counterSpecifier=\"\\Memory\\Available Bytes\" sampleRate=\"PT15S\" unit=\"Bytes\"><annotation displayName=\"Memory available\" locale=\"en-us\"/></PerformanceCounterConfiguration><PerformanceCounterConfiguration counterSpecifier=\"\\Memory\\Committed Bytes\" sampleRate=\"PT15S\" unit=\"Bytes\"><annotation displayName=\"Memory committed\" locale=\"en-us\"/></PerformanceCounterConfiguration><PerformanceCounterConfiguration counterSpecifier=\"\\Memory\\Commit Limit\" sampleRate=\"PT15S\" unit=\"Bytes\"><annotation displayName=\"Memory commit limit\" locale=\"en-us\"/></PerformanceCounterConfiguration><PerformanceCounterConfiguration counterSpecifier=\"\\PhysicalDisk(_Total)\\% Disk Time\" sampleRate=\"PT15S\" unit=\"Percent\"><annotation displayName=\"Disk active time\" locale=\"en-us\"/></PerformanceCounterConfiguration>",
        "wadperfcounters2": "<PerformanceCounterConfiguration counterSpecifier=\"\\PhysicalDisk(_Total)\\% Disk Read Time\" sampleRate=\"PT15S\" unit=\"Percent\"><annotation displayName=\"Disk active read time\" locale=\"en-us\"/></PerformanceCounterConfiguration><PerformanceCounterConfiguration counterSpecifier=\"\\PhysicalDisk(_Total)\\% Disk Write Time\" sampleRate=\"PT15S\" unit=\"Percent\"><annotation displayName=\"Disk active write time\" locale=\"en-us\"/></PerformanceCounterConfiguration><PerformanceCounterConfiguration counterSpecifier=\"\\PhysicalDisk(_Total)\\Disk Transfers/sec\" sampleRate=\"PT15S\" unit=\"CountPerSecond\"><annotation displayName=\"Disk operations\" locale=\"en-us\"/></PerformanceCounterConfiguration><PerformanceCounterConfiguration counterSpecifier=\"\\PhysicalDisk(_Total)\\Disk Reads/sec\" sampleRate=\"PT15S\" unit=\"CountPerSecond\"><annotation displayName=\"Disk read operations\" locale=\"en-us\"/></PerformanceCounterConfiguration><PerformanceCounterConfiguration counterSpecifier=\"\\PhysicalDisk(_Total)\\Disk Writes/sec\" sampleRate=\"PT15S\" unit=\"CountPerSecond\"><annotation displayName=\"Disk write operations\" locale=\"en-us\"/></PerformanceCounterConfiguration><PerformanceCounterConfiguration counterSpecifier=\"\\PhysicalDisk(_Total)\\Disk Bytes/sec\" sampleRate=\"PT15S\" unit=\"BytesPerSecond\"><annotation displayName=\"Disk speed\" locale=\"en-us\"/></PerformanceCounterConfiguration><PerformanceCounterConfiguration counterSpecifier=\"\\PhysicalDisk(_Total)\\Disk Read Bytes/sec\" sampleRate=\"PT15S\" unit=\"BytesPerSecond\"><annotation displayName=\"Disk read speed\" locale=\"en-us\"/></PerformanceCounterConfiguration><PerformanceCounterConfiguration counterSpecifier=\"\\PhysicalDisk(_Total)\\Disk Write Bytes/sec\" sampleRate=\"PT15S\" unit=\"BytesPerSecond\"><annotation displayName=\"Disk write speed\" locale=\"en-us\"/></PerformanceCounterConfiguration><PerformanceCounterConfiguration counterSpecifier=\"\\LogicalDisk(_Total)\\% Free Space\" sampleRate=\"PT15S\" unit=\"Percent\"><annotation displayName=\"Disk free space (percentage)\" locale=\"en-us\"/></PerformanceCounterConfiguration></PerformanceCounters>",
        "wadcfgxstart": "[concat(variables('wadlogs'), variables('wadperfcounters1'), variables('wadperfcounters2'), '<Metrics resourceId=\"')]",
        "wadmetricsresourceid": "[concat('/subscriptions/', subscription().subscriptionId, '/resourceGroups/', resourceGroup().name , '/providers/', 'Microsoft.Compute/virtualMachines/')]",
        "wadcfgxend": "\"><MetricAggregation scheduledTransferPeriod=\"PT1H\"/><MetricAggregation scheduledTransferPeriod=\"PT1M\"/></Metrics></DiagnosticMonitorConfiguration></WadCfg>"
    },
    "resources": [
        {
            "name": "[variables('virtualNetworkName')]",
            "type": "Microsoft.Network/virtualNetworks",
            "location": "[resourceGroup().location]",
            "apiVersion": "2015-06-15",
            "dependsOn": [],
            "tags": {
                "displayName": "[variables('virtualNetworkName')]"
            },
            "properties": {
                "addressSpace": {
                    "addressPrefixes": [
                        "[variables('vNetPrefix')]"
                    ]
                },
                "subnets": [
                    {
                        "name": "[variables('vNetSubnet1Name')]",
                        "properties": {
                            "addressPrefix": "[variables('vNetSubnet1Prefix')]"
                        }
                    },
                    {
                        "name": "[variables('vNetSubnet2Name')]",
                        "properties": {
                            "addressPrefix": "[variables('vNetSubnet2Prefix')]"
                        }
                    }
                ]
            }
        },
        {
            "name": "[variables('publicIPName')]",
            "type": "Microsoft.Network/publicIPAddresses",
            "location": "[resourceGroup().location]",
            "apiVersion": "2015-06-15",
            "dependsOn": [],
            "tags": {
                "displayName": "PublicIP"
            },
            "properties": {
                "publicIPAllocationMethod": "Dynamic",
                "dnsSettings": {
                    "domainNameLabel": "[variables('vmPublicIpDnsName')]"
                }
            }
        },
        {
            "name": "[variables('jumphostNic')]",
            "type": "Microsoft.Network/networkInterfaces",
            "location": "[resourceGroup().location]",
            "apiVersion": "2015-06-15",
            "dependsOn": [
                "[concat('Microsoft.Network/virtualNetworks/', variables('virtualNetworkName'))]",
                "[concat('Microsoft.Network/publicIPAddresses/', variables('publicIPName'))]"
            ],
            "tags": {
                "displayName": "[variables('jumphostNic')]"
            },
            "properties": {
                "ipConfigurations": [
                    {
                        "name": "ipconfig1",
                        "properties": {
                            "privateIPAllocationMethod": "Dynamic",
                            "subnet": {
                                "id": "[variables('vmSubnetRef')]"
                            },
                            "publicIPAddress": {
                                "id": "[resourceId('Microsoft.Network/publicIPAddresses', variables('publicIPName'))]"
                            }
                        }
                    }
                ]
            }
        },
        {
            "apiVersion": "2015-05-01-preview",
            "dependsOn": [
                "[concat('Microsoft.Network/networkInterfaces/', variables('jumphostNic'))]"
            ],
            "location": "[resourceGroup().location]",
            "name": "[parameters('vmName')]",
            "properties": {
                "hardwareProfile": {
                    "vmSize": "[variables('vmSize')]"
                },
                "osProfile": {
                    "computerName": "[parameters('vmName')]",
                    "adminUsername": "[parameters('vmAdminUsername')]",
                    "adminPassword": "[parameters('vmAdminPassword')]"
                },
                "storageProfile": {
                    "osDisk": {
                        "name": "[concat(parameters('vmName'),'OSDisk')]",
                        "osType": "Windows",
                        "caching": "ReadWrite",
                        "createOption": "FromImage",
                        "image": {
                            "uri": "[variables('vmVhd')]"
                        },
                        "vhd": {
                            "uri": "[concat('https://', parameters('storageName'), '.blob.core.windows.net/', variables('vmStorageAccountContainerName'), '/', variables('vmOSDiskName'))]"
                        }
                    }
                },
                "networkProfile": {
                    "networkInterfaces": [
                        {
                            "id": "[resourceId('Microsoft.Network/networkInterfaces', variables('jumphostNic'))]"
                        }
                    ]
                }
            },
            "tags": {
                "displayName": "vm"
            },
            "type": "Microsoft.Compute/virtualMachines",
            "resources": [
                {
                    "name": "CreateLocalUser",
                    "type": "extensions",
                    "location": "[resourceGroup().location]",
                    "apiVersion": "2015-06-15",
                    "dependsOn": [
                        "[concat('Microsoft.Compute/virtualMachines/', parameters('vmName'))]"
                    ],
                    "tags": {
                        "displayName": "CreateLocalUser"
                    },
                    "properties": {
                        "publisher": "Microsoft.Compute",
                        "type": "CustomScriptExtension",
                        "typeHandlerVersion": "1.8",
                        "autoUpgradeMinorVersion": false,
                        "settings": {
                            "fileUris": [
                                "https://raw.githubusercontent.com/shrutikamendhe/toremovethis/master/testscript.ps1"
                            ]
                        },
                        "protectedSettings": {
                            "commandToExecute": "powershell -ExecutionPolicy Unrestricted -File testscript.ps1"
                        }
                    }
                },
                {
                    "name": "Microsoft.Insights.VMDiagnosticsSettings",
                    "type": "extensions",
                    "location": "[resourceGroup().location]",
                    "apiVersion": "2015-06-15",
                    "dependsOn": [
                        "[concat('Microsoft.Compute/virtualMachines/', parameters('vmName'))]"
                    ],
                    "tags": {
                        "displayName": "AzureDiagnostics"
                    },
                    "properties": {
                        "publisher": "Microsoft.Azure.Diagnostics",
                        "type": "IaaSDiagnostics",
                        "typeHandlerVersion": "1.5",
                        "autoUpgradeMinorVersion": true,
                        "settings": {
                            "xmlCfg": "[base64(concat(variables('wadcfgxstart'), variables('wadmetricsresourceid'), parameters('vmName'), variables('wadcfgxend')))]",
                            "storageAccount": "[parameters('storageName')]"
                        },
                        "protectedSettings": {
                            "storageAccountName": "[parameters('storageName')]",
                            "storageAccountKey": "[parameters('storageKey')]",
                            "storageAccountEndPoint": "https://core.windows.net"
                        }
                    }
                }
            ]
        }
    ],
    "outputs": {
        "resourceGroupName": {
            "type": "string",
            "value": "[resourceGroup().name]"
        },
        "jumphostVmName": {
            "type": "string",
            "value": "[parameters('vmName')]"
        },
        "jumphostDnsName": {
            "type": "string",
            "value": "[concat(variables('vmPublicIpDnsName'), '.', resourceGroup().location, '.cloudapp.azure.com')]"
        },
        "jumphostUsername": {
            "type": "string",
            "value": "[parameters('vmLocalUserName')]"
        },
        "jumphostPassword": {
            "type": "string",
            "value": "[parameters('vmLocalUserPassword')]"
        }
    }
}