﻿[{
		"id": "17",
		"seat_Row": 17,
		"seat_seg": {
			"col_A": 1,
			"col_B": 0,
			"col_C": 0,
			"col_D": 1,
			"col_E": 3,
			"col_F": 1
		}
	},
	{
		"id": "18",
		"seat_Row": 18,
		"seat_seg": {
			"col_A": 1,
			"col_B": 1,
			"col_C": 1,
			"col_D": 0,
			"col_E": 1,
			"col_F": 1
		}
	},
  {
    "id": "19",
    "seat_Row": 19,
    "seat_seg": {
      "col_A": 1,
      "col_B": 1,
      "col_C": 0,
      "col_D": 1,
      "col_E": 0,
      "col_F": 0
    }
  },
	{
		"id": "20",
		"seat_Row": 20,
		"seat_seg": {
			"col_A": 0,
			"col_B": 1,
			"col_C": 1,
			"col_D": 0,
			"col_E": 0,
			"col_F": 1
		}
	},
	{
		"id": "21",
		"seat_Row": 21,
		"seat_seg": {
			"col_A": 1,
			"col_B": 1,
			"col_C": 0,
			"col_D": 0,
			"col_E": 1,
			"col_F": 0
		}
	},
	{
		"id": "22",
		"seat_Row": 22,
		"seat_seg": {
			"col_A": 1,
			"col_B": 0,
			"col_C": 0,
			"col_D": 1,
			"col_E": 1,
			"col_F": 0
		}
	},
	{
		"id": "23",
		"seat_Row": 23,
		"seat_seg": {
			"col_A": 1,
			"col_B": 1,
			"col_C": 0,
			"col_D": 0,
			"col_E": 0,
			"col_F": 1
		}
	},
	{
		"id": "24",
		"seat_Row": 24,
		"seat_seg": {
			"col_A": 0,
			"col_B": 0,
			"col_C": 0,
			"col_D": 1,
			"col_E": 1,
			"col_F": 0
		}
	},
	{
		"id": "25",
		"seat_Row": 25,
		"seat_seg": {
			"col_A": 1,
			"col_B": 0,
			"col_C": 0,
			"col_D": 1,
			"col_E": 0,
			"col_F": 0
		}
	}
]