﻿[
  {
    "id": "1",
    "duration": "43h 14m",
    "price": "1085",
    "fromCode": "BCN",
    "toCode": "SEA",
    "distance": "3750",
    "stop": "2",
    "fldate": "2017-01-01T00:00:00Z",
    "segments": [
      {
        "airline": "Turkish",
        "flight": "1852",
        "fromCode": "BCN",
        "fromCity": "Barcelona",
        "departTime": "2017-01-01T11:45:00Z",
        "toCode": "IST",
        "toCity": "Istanbul",
        "arrivalTime": "2017-01-01T16:15:00Z"
      },
      {
        "airline": "Turkish",
        "flight": "5253",
        "fromCode": "IST",
        "fromCity": "Istanbul",
        "departTime": "2017-01-02T14:00:00Z",
        "toCode": "ORD",
        "toCity": "chicago",
        "arrivalTime": "2017-01-02T17:35:00Z"
      },
      {
        "airline": "Turkish",
        "flight": "8609",
        "fromCode": "ORD",
        "fromCity": "chicago",
        "departTime": "2017-01-02T19:25:00Z",
        "toCode": "SEA",
        "toCity": "Seattle",
        "arrivalTime": "2017-01-02T17:21:59Z"
      }
    ]
  },
  {
    "id": "2",
    "duration": "41h 44m",
    "price": "1245",
    "fromCode": "BCN",
    "toCode": "SEA",
    "distance": "3750",
    "stop": "2",
    "fldate": "2017-01-01T00:00:00Z",
    "segments": [
      {
        "airline": "Turkish",
        "flight": "4563",
        "fromCode": "BCN",
        "fromCity": "Barcelona",
        "departTime": "2017-01-01T13:15:00Z",
        "toCode": "SAW",
        "toCity": "Istanbul-Turkey",
        "arrivalTime": "2017-01-01T17:35:00Z"
      },
      {
        "airline": "Turkish",
        "flight": "5963",
        "fromCode": "IST",
        "fromCity": "Istanbul-Turkey",
        "departTime": "2017-01-02T14:00:00Z",
        "toCode": "ORD",
        "toCity": "chicago",
        "arrivalTime": "2017-01-02T17:35:00Z"
      },
      {
        "airline": "Turkish",
        "flight": "1654",
        "fromCode": "ORD",
        "fromCity": "chicago",
        "departTime": "2017-01-02T19:25:00Z",
        "toCode": "SEA",
        "toCity": "Seattle",
        "arrivalTime": "2017-01-02T21:59:59Z"
      }
    ]
  },
  {
    "id": "3",
    "duration": "40h 46m",
    "price": "1585",
    "fromCode": "BCN",
    "toCode": "SEA",
    "distance": "3750",
    "stop": "2",
    "fldate": "2017-01-01T00:00:00Z",
    "segments": [
      {
        "airline": "American Airlines",
        "flight": "1265",
        "fromCode": "BCN",
        "fromCity": "Barcelona",
        "departTime": "2017-01-01T11:30:00Z",
        "toCode": "OSL",
        "toCity": "Oslo, Norway",
        "arrivalTime": "2017-01-01T14:50:00Z"
      },
      {
        "airline": "American Airlines",
        "flight": "7863",
        "fromCode": "OSL",
        "fromCity": "Oslo, Norway",
        "departTime": "2017-01-02T11:10:00Z",
        "toCode": "EWR",
        "toCity": "Newark",
        "arrivalTime": "2017-01-02T13:15:00Z"
      },
      {
        "airline": "American Airlines",
        "flight": "4589",
        "fromCode": "EWR",
        "fromCity": "Newark",
        "departTime": "2017-01-02T16:10:00Z",
        "toCode": "SEA",
        "toCity": "Seattle",
        "arrivalTime": "2017-01-02T19:16:59Z"
      }
    ]
  },
  {
    "id": "4",
    "duration": "13h 40m",
    "price": "1935",
    "fromCode": "SEA",
    "toCode": "BCN",
    "distance": "3500",
    "stop": "1",
    "fldate": "2017-01-01T00:00:00Z",
    "segments": [
      {
        "airline": "KLM Royal dutch KL",
        "flight": "4567",
        "fromCode": "SEA",
        "fromCity": "Seattle",
        "departTime": "2017-01-01T13:51:00Z",
        "toCode": "AMS",
        "toCity": "Amsterdam",
        "arrivalTime": "2017-01-01T08:50:00Z"
      },
      {
        "airline": "Delta Airlines DL",
        "flight": "490",
        "fromCode": "AMS",
        "fromCity": "Amsterdam",
        "departTime": "2017-01-02T10:20:00Z",
        "toCode": "BCN",
        "toCity": "Barcelona",
        "arrivalTime": "2017-01-02T12:35:00Z"
      }
    ]
  },
  {
    "id": "5",
    "duration": "13h 25m",
    "price": "1936",
    "fromCode": "SEA",
    "toCode": "BCN",
    "distance": "3500",
    "stop": "1",
    "fldate": "2017-01-01T00:00:00Z",
    "segments": [
      {
        "airline": "KLM Royal dutch KL",
        "flight": "46587",
        "fromCode": "SEA",
        "fromCity": "Seattle",
        "departTime": "2017-01-01T18:00:00Z",
        "toCode": "AMS",
        "toCity": "Amsterdam",
        "arrivalTime": "2017-01-02T13:00:00Z"
      },
      {
        "airline": "KLM Royal dutch KL",
        "flight": "1112",
        "fromCode": "AMS",
        "fromCity": "Amsterdam",
        "departTime": "2017-01-02T14:15:00Z",
        "toCode": "BCN",
        "toCity": "Barcelona",
        "arrivalTime": "2017-01-02T16:25:00Z"
      }
    ]
  },
  {
    "id": "6",
    "duration": "17h 15m",
    "price": "1951",
    "fromCode": "SEA",
    "toCode": "BCN",
    "distance": "3500",
    "stop": "1",
    "fldate": "2017-01-01T00:00:00Z",
    "segments": [
      {
        "airline": "Delta Airlines",
        "flight": "46007",
        "fromCode": "SEA",
        "fromCity": "Seattle",
        "departTime": "2017-01-01T07:40:00Z",
        "toCode": "JFK",
        "toCity": "New York",
        "arrivalTime": "2017-01-02T16:00:00Z"
      },
      {
        "airline": "Delta Airlines",
        "flight": "1222",
        "fromCode": "JFK",
        "fromCity": "New York",
        "departTime": "2017-01-02T19:49:00Z",
        "toCode": "BCN",
        "toCity": "Barcelona",
        "arrivalTime": "2017-01-02T09:55:00Z"
      }
    ]
  },
  {
    "id": "7",
    "duration": "24h 59m",
    "price": "1115",
    "fromCode": "BCN",
    "toCode": "SEA",
    "distance": "3750",
    "stop": "1",
    "fldate": "2017-01-02T00:00:00Z",
    "segments": [
      {
        "airline": "Alaska Airlines",
        "flight": "4569",
        "fromCode": "BCN",
        "fromCity": "Barcelona",
        "departTime": "2017-01-02T06:05:00Z",
        "toCode": "IST",
        "toCity": "Istanbul",
        "arrivalTime": "2017-01-02T10:20:00Z"
      },
      {
        "airline": "Alaska Airlines",
        "flight": "2598",
        "fromCode": "IST",
        "fromCity": "Istanbul",
        "departTime": "2017-01-02T14:00:00Z",
        "toCode": "SEA",
        "toCity": "Seattle",
        "arrivalTime": "2017-01-02T17:35:00Z"
      }
    ]
  },
  {
    "id": "8",
    "duration": "18h 57m",
    "price": "1774",
    "fromCode": "BCN",
    "toCode": "SEA",
    "distance": "7500",
    "stop": "1",
    "fldate": "2017-01-02T00:00:00Z",
    "segments": [
      {
        "airline": "KLM Royal dutch KL",
        "flight": "7854",
        "fromCode": "BCN",
        "fromCity": "Barcelona",
        "departTime": "2017-01-01T12:05:00Z",
        "toCode": "JFK",
        "toCity": "New York",
        "arrivalTime": "2017-01-01T15:05:00Z"
      },
      {
        "airline": "Delta Airlines DL",
        "flight": "440",
        "fromCode": "JFK",
        "fromCity": "New York",
        "departTime": "2017-01-01T18:30:00Z",
        "toCode": "SEA",
        "toCity": "Seattle",
        "arrivalTime": "2017-01-01T21:57:00Z"
      }
    ]
  },
  {
    "id": "9",
    "duration": "29h 11m",
    "price": "1880",
    "fromCode": "BCN",
    "toCode": "SEA",
    "distance": "3500",
    "stop": "1",
    "fldate": "2017-01-02T00:00:00Z",
    "segments": [
      {
        "airline": "United Airlines",
        "flight": "1145",
        "fromCode": "BCN",
        "fromCity": "Barcelona",
        "departTime": "2017-01-02T11:25:00Z",
        "toCode": "PEK",
        "toCity": "Beijing",
        "arrivalTime": "2017-01-03T06:25:00Z"
      },
      {
        "airline": "United Airlines",
        "flight": "3310",
        "fromCode": "PEK",
        "fromCity": "Beijing",
        "departTime": "2017-01-03T11:20:00Z",
        "toCode": "SEA",
        "toCity": "Seattle",
        "arrivalTime": "2017-01-03T07:36:00Z"
      }
    ]
  },
  {
    "id": "10",
    "duration": "14h 30m",
    "price": "1890",
    "fromCode": "SEA",
    "toCode": "BCN",
    "distance": "3500",
    "stop": "1",
    "fldate": "2017-01-02T00:00:00Z",
    "segments": [
      {
        "airline": "JetBlue Airlines",
        "flight": "1445",
        "fromCode": "SEA",
        "fromCity": "Seattle",
        "departTime": "2017-01-02T09:15:00Z",
        "toCode": "ATL",
        "toCity": "Atlanta",
        "arrivalTime": "2017-01-02T16:54:00Z"
      },
      {
        "airline": "JetBlue Airlines",
        "flight": "3330",
        "fromCode": "ATL",
        "fromCity": "Atlanta",
        "departTime": "2017-01-03T17:50:00Z",
        "toCode": "BCN",
        "toCity": "Barcelona",
        "arrivalTime": "2017-01-03T08:36:00Z"
      }
    ]
  },
  {
    "id": "11",
    "duration": "13h 19m",
    "price": "1932",
    "fromCode": "SEA",
    "toCode": "BCN",
    "distance": "3500",
    "stop": "1",
    "fldate": "2017-01-02T00:00:00Z",
    "segments": [
      {
        "airline": "JetBlue Airlines",
        "flight": "2256",
        "fromCode": "SEA",
        "fromCity": "Seattle",
        "departTime": "2017-01-02T13:11:00Z",
        "toCode": "CDG",
        "toCity": "Paris",
        "arrivalTime": "2017-01-03T08:20:00Z"
      },
      {
        "airline": "JetBlue Airlines",
        "flight": "33445",
        "fromCode": "CDG",
        "fromCity": "Paris",
        "departTime": "2017-01-03T09:50:00Z",
        "toCode": "BCN",
        "toCity": "Barcelona",
        "arrivalTime": "2017-01-03T11:30:00Z"
      }
    ]
  },
  {
    "id": "12",
    "duration": "13h 19m",
    "price": "2016",
    "fromCode": "SEA",
    "toCode": "BCN",
    "distance": "3500",
    "stop": "1",
    "fldate": "2017-01-02T00:00:00Z",
    "segments": [
      {
        "airline": "Hawaiian Airlines",
        "flight": "5556",
        "fromCode": "SEA",
        "fromCity": "Seattle",
        "departTime": "2017-01-02T13:11:00Z",
        "toCode": "CDG",
        "toCity": "Paris",
        "arrivalTime": "2017-01-03T08:20:00Z"
      },
      {
        "airline": "Hawaiian Airlines",
        "flight": "5445",
        "fromCode": "CDG",
        "fromCity": "Paris",
        "departTime": "2017-01-03T09:50:00Z",
        "toCode": "BCN",
        "toCity": "Barcelona",
        "arrivalTime": "2017-01-03T11:30:00Z"
      }
    ]
  },
  {
    "id": "13",
    "duration": "36h 4m",
    "price": "1541",
    "fromCode": "BCN",
    "toCode": "SEA",
    "distance": "3500",
    "stop": "2",
    "fldate": "2017-01-03T00:00:00Z",
    "segments": [
      {
        "airline": "Turkish Airlines",
        "flight": "8886",
        "fromCode": "BCN",
        "fromCity": "Barcelona",
        "departTime": "2017-01-03T18:55:00Z",
        "toCode": "IST",
        "toCity": "Istanbul",
        "arrivalTime": "2017-01-03T23:20:00Z"
      },
      {
        "airline": "Turkish Airlines",
        "flight": "8965",
        "fromCode": "IST",
        "fromCity": "Istanbul",
        "departTime": "2017-01-04T14:00:00Z",
        "toCode": "ORD",
        "toCity": "Chicago",
        "arrivalTime": "2017-01-04T17:30:00Z"
      },
      {
        "airline": "Turkish Airlines",
        "flight": "2235",
        "fromCode": "ORD",
        "fromCity": "Chicago",
        "departTime": "2017-01-04T19:25:00Z",
        "toCode": "SEA",
        "toCity": "Seattle",
        "arrivalTime": "2017-01-04T21:59:00Z"
      }
    ]
  },
  {
    "id": "14",
    "duration": "36h 4m",
    "price": "1641",
    "fromCode": "BCN",
    "toCode": "SEA",
    "distance": "3500",
    "stop": "1",
    "fldate": "2017-01-03T00:00:00Z",
    "segments": [
      {
        "airline": "United Airlines",
        "flight": "1256",
        "fromCode": "BCN",
        "fromCity": "Barcelona",
        "departTime": "2017-01-03T11:45:00Z",
        "toCode": "PVG",
        "toCity": "Shanghai",
        "arrivalTime": "2017-01-04T05:55:00Z"
      },
      {
        "airline": "United Airlines",
        "flight": "8967",
        "fromCode": "PVG",
        "fromCity": "Shanghai",
        "departTime": "2017-01-04T12:20:00Z",
        "toCode": "SEA",
        "toCity": "Seattle",
        "arrivalTime": "2017-01-04T08:52:00Z"
      }
    ]
  },
  {
    "id": "15",
    "duration": "29h 35m",
    "price": "2115",
    "fromCode": "BCN",
    "toCode": "SEA",
    "distance": "3500",
    "stop": "1",
    "fldate": "2017-01-03T00:00:00Z",
    "segments": [
      {
        "airline": "British Airlines",
        "flight": "1479",
        "fromCode": "BCN",
        "fromCity": "Barcelona",
        "departTime": "2017-01-03T20:35:00Z",
        "toCode": "LHR",
        "toCity": "London",
        "arrivalTime": "2017-01-03T21:50:00Z"
      },
      {
        "airline": "British Airlines",
        "flight": "7436",
        "fromCode": "LHR",
        "fromCity": "London",
        "departTime": "2017-01-04T15:20:00Z",
        "toCode": "SEA",
        "toCity": "Seattle",
        "arrivalTime": "2017-01-04T17:10:00Z"
      }
    ]
  },
  {
    "id": "16",
    "duration": "37h 40m",
    "price": "1968",
    "fromCode": "SEA",
    "toCode": "BCN",
    "distance": "3500",
    "stop": "2",
    "fldate": "2017-01-03T00:00:00Z",
    "segments": [
      {
        "airline": "Hawaiian Airlines",
        "flight": "7563",
        "fromCode": "SEA",
        "fromCity": "Seattle",
        "departTime": "2017-01-03T13:54:00Z",
        "toCode": "SFO",
        "toCity": "San Francisco",
        "arrivalTime": "2017-01-03T15:15:00Z"
      },
      {
        "airline": "Hawaiian Airlines",
        "flight": "44589",
        "fromCode": "SFO",
        "fromCity": "San Francisco",
        "departTime": "2017-01-03T18:10:00Z",
        "toCode": "IST",
        "toCity": "Istanbul",
        "arrivalTime": "2017-01-04T17:15:00Z"
      },
      {
        "airline": "Hawaiian Airlines",
        "flight": "44589",
        "fromCode": "IST",
        "fromCity": "Istanbul",
        "departTime": "2017-01-05T09:10:00Z",
        "toCode": "IST",
        "toCity": "Istanbul",
        "arrivalTime": "2017-01-05T12:15:00Z"
      }
    ]
  },
  {
    "id": "17",
    "duration": "17h 15m",
    "price": "1971",
    "fromCode": "SEA",
    "toCode": "BCN",
    "distance": "3500",
    "stop": "1",
    "fldate": "2017-01-03T00:00:00Z",
    "segments": [
      {
        "airline": "Hawaiian Airlines",
        "flight": "7789",
        "fromCode": "SEA",
        "fromCity": "Seattle",
        "departTime": "2017-01-03T07:40:00Z",
        "toCode": "JFK",
        "toCity": "New York",
        "arrivalTime": "2017-01-03T16:15:00Z"
      },
      {
        "airline": "Hawaiian Airlines",
        "flight": "8996",
        "fromCode": "JFK",
        "fromCity": "New York",
        "departTime": "2017-01-03T19:49:00Z",
        "toCode": "BCN",
        "toCity": "Barcelona",
        "arrivalTime": "2017-01-04T09:55:00Z"
      }
    ]
  },
  {
    "id": "18",
    "duration": "14h 30m",
    "price": "2101",
    "fromCode": "SEA",
    "toCode": "BCN",
    "distance": "3500",
    "stop": "1",
    "fldate": "2017-01-03T00:00:00Z",
    "segments": [
      {
        "airline": "KLM Royal Dutch KL",
        "flight": "5445",
        "fromCode": "SEA",
        "fromCity": "Seattle",
        "departTime": "2017-01-03T09:15:00Z",
        "toCode": "ATL",
        "toCity": "Atlanta",
        "arrivalTime": "2017-01-03T16:54:00Z"
      },
      {
        "airline": "KLM Royal Dutch KL",
        "flight": "223",
        "fromCode": "ATL",
        "fromCity": "Atlanta",
        "departTime": "2017-01-03T17:49:00Z",
        "toCode": "BCN",
        "toCity": "Barcelona",
        "arrivalTime": "2017-01-04T08:45:00Z"
      }
    ]
  },
  {
    "id": "19",
    "duration": "19h 00m",
    "price": "1521",
    "fromCode": "BCN",
    "toCode": "SEA",
    "distance": "3500",
    "stop": "1",
    "fldate": "2017-01-04T00:00:00Z",
    "segments": [
      {
        "airline": "KLM Royal Dutch KL",
        "flight": "9687",
        "fromCode": "BCN",
        "fromCity": "Barcelona",
        "departTime": "2017-01-04T07:15:00Z",
        "toCode": "LHR",
        "toCity": "London",
        "arrivalTime": "2017-01-04T08:35:00Z"
      },
      {
        "airline": "KLM Royal Dutch KL",
        "flight": "8896",
        "fromCode": "LHR",
        "fromCity": "London",
        "departTime": "2017-01-04T15:30:00Z",
        "toCode": "SEA",
        "toCity": "Seattle",
        "arrivalTime": "2017-01-04T17:10:00Z"
      }
    ]
  },
  {
    "id": "20",
    "duration": "23h 40m",
    "price": "1921",
    "fromCode": "BCN",
    "toCode": "SEA",
    "distance": "3500",
    "stop": "1",
    "fldate": "2017-01-04T00:00:00Z",
    "segments": [
      {
        "airline": "Korean Air",
        "flight": "7778",
        "fromCode": "BCN",
        "fromCity": "Barcelona",
        "departTime": "2017-01-04T22:10:00Z",
        "toCode": "ICN",
        "toCity": "Seoul-Incheon",
        "arrivalTime": "2017-01-04T17:30:00Z"
      },
      {
        "airline": "Korean Air",
        "flight": "2236",
        "fromCode": "ICN",
        "fromCity": "Seoul-Incheon",
        "departTime": "2017-01-05T18:40:00Z",
        "toCode": "SEA",
        "toCity": "Seattle",
        "arrivalTime": "2017-01-05T12:50:00Z"
      }
    ]
  },
  {
    "id": "21",
    "duration": "14h 36m",
    "price": "1921",
    "fromCode": "BCN",
    "toCode": "SEA",
    "distance": "3500",
    "stop": "1",
    "fldate": "2017-01-04T00:00:00Z",
    "segments": [
      {
        "airline": "Delta Airlines",
        "flight": "8633",
        "fromCode": "BCN",
        "fromCity": "Barcelona",
        "departTime": "2017-01-04T06:15:00Z",
        "toCode": "CDG",
        "toCity": "Paris",
        "arrivalTime": "2017-01-04T08:10:00Z"
      },
      {
        "airline": "Korean Air",
        "flight": "223",
        "fromCode": "CDG",
        "fromCity": "Paris",
        "departTime": "2017-01-04T10:10:00Z",
        "toCode": "SEA",
        "toCity": "Seattle",
        "arrivalTime": "2017-01-04T11:51:00Z"
      }
    ]
  },
  {
    "id": "22",
    "duration": "13h 19m",
    "price": "2901",
    "fromCode": "SEA",
    "toCode": "BCN",
    "distance": "1500",
    "stop": "1",
    "fldate": "2017-01-04T00:00:00Z",
    "segments": [
      {
        "airline": "Delta Airlines",
        "flight": "8896",
        "fromCode": "SEA",
        "fromCity": "Seattle",
        "departTime": "2017-01-04T13:15:00Z",
        "toCode": "CDG",
        "toCity": "Paris",
        "arrivalTime": "2017-01-05T08:20:00Z"
      },
      {
        "airline": "Delta Airlines",
        "flight": "45221",
        "fromCode": "CDG",
        "fromCity": "Paris",
        "departTime": "2017-01-05T09:50:00Z",
        "toCode": "BCN",
        "toCity": "Barcelona",
        "arrivalTime": "2017-01-05T11:30:00Z"
      }
    ]
  },
  {
    "id": "23",
    "duration": "13h 44m",
    "price": "2901",
    "fromCode": "SEA",
    "toCode": "BCN",
    "distance": "1500",
    "stop": "1",
    "fldate": "2017-01-04T00:00:00Z",
    "segments": [
      {
        "airline": "Delta Airlines",
        "flight": "4456",
        "fromCode": "SEA",
        "fromCity": "Seattle",
        "departTime": "2017-01-04T13:51:00Z",
        "toCode": "AMS",
        "toCity": "Amsterdam",
        "arrivalTime": "2017-01-05T08:50:00Z"
      },
      {
        "airline": "Delta Airlines",
        "flight": "8858",
        "fromCode": "AMS",
        "fromCity": "Paris",
        "departTime": "2017-01-05T10:20:00Z",
        "toCode": "BCN",
        "toCity": "Barcelona",
        "arrivalTime": "2017-01-05T12:30:00Z"
      }
    ]
  },
  {
    "id": "24",
    "duration": "17h 15m",
    "price": "2601",
    "fromCode": "SEA",
    "toCode": "BCN",
    "distance": "1500",
    "stop": "1",
    "fldate": "2017-01-04T00:00:00Z",
    "segments": [
      {
        "airline": "Delta Airlines",
        "flight": "88521",
        "fromCode": "SEA",
        "fromCity": "Seattle",
        "departTime": "2017-01-04T07:40:00Z",
        "toCode": "JFK",
        "toCity": "New York",
        "arrivalTime": "2017-01-04T16:03:00Z"
      },
      {
        "airline": "Delta Airlines",
        "flight": "5658",
        "fromCode": "JFK",
        "fromCity": "New York",
        "departTime": "2017-01-04T19:49:00Z",
        "toCode": "BCN",
        "toCity": "Barcelona",
        "arrivalTime": "2017-01-05T09:55:00Z"
      }
    ]
  },
  {
    "id": "25",
    "duration": "29h 11m",
    "price": "2921",
    "fromCode": "BCN",
    "toCode": "SEA",
    "distance": "3500",
    "stop": "1",
    "fldate": "2017-01-05T00:00:00Z",
    "segments": [
      {
        "airline": "Fiji Airways",
        "flight": "9965",
        "fromCode": "BCN",
        "fromCity": "Barcelona",
        "departTime": "2017-01-05T11:25:00Z",
        "toCode": "PEK",
        "toCity": "Beijing",
        "arrivalTime": "2017-01-06T06:25:00Z"
      },
      {
        "airline": "Fiji Airways",
        "flight": "6689",
        "fromCode": "PEK",
        "fromCity": "Beijing",
        "departTime": "2017-01-06T11:20:00Z",
        "toCode": "SEA",
        "toCity": "Seattle",
        "arrivalTime": "2017-01-06T07:36:00Z"
      }
    ]
  },
  {
    "id": "26",
    "duration": "16h 50m",
    "price": "3077",
    "fromCode": "BCN",
    "toCode": "SEA",
    "distance": "3500",
    "stop": "1",
    "fldate": "2017-01-05T00:00:00Z",
    "segments": [
      {
        "airline": "British Airways",
        "flight": "3336",
        "fromCode": "BCN",
        "fromCity": "Barcelona",
        "departTime": "2017-01-05T07:10:00Z",
        "toCode": "LHR",
        "toCity": "London",
        "arrivalTime": "2017-01-05T08:35:00Z"
      },
      {
        "airline": "British Airways",
        "flight": "4466",
        "fromCode": "LHR",
        "fromCity": "London",
        "departTime": "2017-01-05T13:20:00Z",
        "toCode": "SEA",
        "toCity": "Seattle",
        "arrivalTime": "2017-01-05T15:00:00Z"
      }
    ]
  },
  {
    "id": "27",
    "duration": "13h 55m",
    "price": "3100",
    "fromCode": "BCN",
    "toCode": "SEA",
    "distance": "3500",
    "stop": "1",
    "fldate": "2017-01-05T00:00:00Z",
    "segments": [
      {
        "airline": "KLM Royal Dutch KL",
        "flight": "6569",
        "fromCode": "BCN",
        "fromCity": "Barcelona",
        "departTime": "2017-01-05T06:20:00Z",
        "toCode": "AMS",
        "toCity": "Amsterdam",
        "arrivalTime": "2017-01-05T08:55:00Z"
      },
      {
        "airline": "KLM Royal Dutch KL",
        "flight": "7789",
        "fromCode": "AMS",
        "fromCity": "Amsterdam",
        "departTime": "2017-01-05T09:50:00Z",
        "toCode": "SEA",
        "toCity": "Seattle",
        "arrivalTime": "2017-01-05T11:15:00Z"
      }
    ]
  },
  {
    "id": "28",
    "duration": "24h 20m",
    "price": "930",
    "fromCode": "SEA",
    "toCode": "BCN",
    "distance": "2900",
    "stop": "2",
    "fldate": "2017-01-05T00:00:00Z",
    "segments": [
      {
        "airline": "Delta Airlines",
        "flight": "2121",
        "fromCode": "SEA",
        "fromCity": "Seattle",
        "departTime": "2017-01-05T13:45:00Z",
        "toCode": "ORD",
        "toCity": "Chicago",
        "arrivalTime": "2017-01-05T19:46:00Z"
      },
      {
        "airline": "Delta Airlines",
        "flight": "9989",
        "fromCode": "ORD",
        "fromCity": "Chicago",
        "departTime": "2017-01-05T21:40:00Z",
        "toCode": "IST",
        "toCity": "Istanbul",
        "arrivalTime": "2017-01-06T16:15:00Z"
      },
      {
        "airline": "Delta Airlines",
        "flight": "986",
        "fromCode": "IST",
        "fromCity": "Istanbul",
        "departTime": "2017-01-06T20:10:00Z",
        "toCode": "BCN",
        "toCity": "Barcelona",
        "arrivalTime": "2017-01-06T23:05:00Z"
      }
    ]
  },
  {
    "id": "29",
    "duration": "17h 15m",
    "price": "1901",
    "fromCode": "SEA",
    "toCode": "BCN",
    "distance": "2900",
    "stop": "1",
    "fldate": "2017-01-05T00:00:00Z",
    "segments": [
      {
        "airline": "Delta Airlines",
        "flight": "1212",
        "fromCode": "SEA",
        "fromCity": "Seattle",
        "departTime": "2017-01-05T07:45:00Z",
        "toCode": "JFK",
        "toCity": "New york",
        "arrivalTime": "2017-01-05T16:03:00Z"
      },
      {
        "airline": "Delta Airlines",
        "flight": "6685",
        "fromCode": "JFK",
        "fromCity": "New york",
        "departTime": "2017-01-05T19:49:00Z",
        "toCode": "BCN",
        "toCity": "Barcelona",
        "arrivalTime": "2017-01-06T09:55:00Z"
      }
    ]
  },
  {
    "id": "30",
    "duration": "14h 30m",
    "price": "1901",
    "fromCode": "SEA",
    "toCode": "BCN",
    "distance": "2900",
    "stop": "1",
    "fldate": "2017-01-05T00:00:00Z",
    "segments": [
      {
        "airline": "American Airlines",
        "flight": "9876",
        "fromCode": "SEA",
        "fromCity": "Seattle",
        "departTime": "2017-01-05T09:15:00Z",
        "toCode": "ATL",
        "toCity": "Atlanta",
        "arrivalTime": "2017-01-05T16:54:00Z"
      },
      {
        "airline": "American Airlines",
        "flight": "681",
        "fromCode": "ATL",
        "fromCity": "Atlanta",
        "departTime": "2017-01-05T17:50:00Z",
        "toCode": "BCN",
        "toCity": "Barcelona",
        "arrivalTime": "2017-01-06T08:45:00Z"
      }
    ]
  },
  {
    "id": "31",
    "duration": "14h 30m",
    "price": "1901",
    "fromCode": "BCN",
    "toCode": "SEA",
    "distance": "3900",
    "stop": "1",
    "fldate": "2017-01-06T00:00:00Z",
    "segments": [
      {
        "airline": "Alaska Airlines",
        "flight": "8998",
        "fromCode": "BCN",
        "fromCity": "Barcelona",
        "departTime": "2017-01-06T10:15:00Z",
        "toCode": "JFK",
        "toCity": "New York",
        "arrivalTime": "2017-01-06T16:54:00Z"
      },
      {
        "airline": "American Airlines",
        "flight": "9963",
        "fromCode": "JFK",
        "fromCity": "New York",
        "departTime": "2017-01-06T19:50:00Z",
        "toCode": "SEA",
        "toCity": "Seattle",
        "arrivalTime": "2017-01-06T09:45:00Z"
      }
    ]
  },
  {
    "id": "32",
    "duration": "27h 15m",
    "price": "1901",
    "fromCode": "BCN",
    "toCode": "SEA",
    "distance": "3900",
    "stop": "1",
    "fldate": "2017-01-06T00:00:00Z",
    "segments": [
      {
        "airline": "Alaska Airlines",
        "flight": "7773",
        "fromCode": "BCN",
        "fromCity": "Barcelona",
        "departTime": "2017-01-06T13:15:00Z",
        "toCode": "IST",
        "toCity": "Istanbul",
        "arrivalTime": "2017-01-06T17:54:00Z"
      },
      {
        "airline": "American Airlines",
        "flight": "9963",
        "fromCode": "IST",
        "fromCity": "Istanbul",
        "departTime": "2017-01-07T14:00:00Z",
        "toCode": "SEA",
        "toCity": "Seattle",
        "arrivalTime": "2017-01-07T17:45:00Z"
      }
    ]
  },
  {
    "id": "33",
    "duration": "23h 40m",
    "price": "1901",
    "fromCode": "BCN",
    "toCode": "SEA",
    "distance": "3900",
    "stop": "1",
    "fldate": "2017-01-06T00:00:00Z",
    "segments": [
      {
        "airline": "Alaska Airlines",
        "flight": "3333",
        "fromCode": "BCN",
        "fromCity": "Barcelona",
        "departTime": "2017-01-06T22:15:00Z",
        "toCode": "ICN",
        "toCity": "Seoul-Incheon",
        "arrivalTime": "2017-01-07T17:30:00Z"
      },
      {
        "airline": "Alaska Airlines",
        "flight": "5555",
        "fromCode": "ICN",
        "fromCity": "Seoul-Incheon",
        "departTime": "2017-01-07T18:40:00Z",
        "toCode": "SEA",
        "toCity": "Seattle",
        "arrivalTime": "2017-01-07T12:45:00Z"
      }
    ]
  },
  {
    "id": "34",
    "duration": "16h 00m",
    "price": "1331",
    "fromCode": "SEA",
    "toCode": "BCN",
    "distance": "3900",
    "stop": "1",
    "fldate": "2017-01-06T00:00:00Z",
    "segments": [
      {
        "airline": "Alaska Airlines",
        "flight": "78953",
        "fromCode": "SEA",
        "fromCity": "Seattle",
        "departTime": "2017-01-06T07:45:00Z",
        "toCode": "ATL",
        "toCity": "Atlanta",
        "arrivalTime": "2017-01-06T15:25:00Z"
      },
      {
        "airline": "Alaska Airlines",
        "flight": "9886",
        "fromCode": "ATL",
        "fromCity": "Atlanta",
        "departTime": "2017-01-06T17:50:00Z",
        "toCode": "BCN",
        "toCity": "Barcelona",
        "arrivalTime": "2017-01-07T08:45:00Z"
      }
    ]
  },
  {
    "id": "35",
    "duration": "13h 44m",
    "price": "1331",
    "fromCode": "SEA",
    "toCode": "BCN",
    "distance": "3900",
    "stop": "1",
    "fldate": "2017-01-06T00:00:00Z",
    "segments": [
      {
        "airline": "Alaska Airlines",
        "flight": "8969",
        "fromCode": "SEA",
        "fromCity": "Seattle",
        "departTime": "2017-01-06T13:51:00Z",
        "toCode": "AMS",
        "toCity": "Amsterdam",
        "arrivalTime": "2017-01-07T08:50:00Z"
      },
      {
        "airline": "Alaska Airlines",
        "flight": "7744",
        "fromCode": "AMS",
        "fromCity": "Amsterdam",
        "departTime": "2017-01-07T10:20:00Z",
        "toCode": "BCN",
        "toCity": "Barcelona",
        "arrivalTime": "2017-01-07T12:35:00Z"
      }
    ]
  },
  {
    "id": "36",
    "duration": "37h 39m",
    "price": "1069",
    "fromCode": "SEA",
    "toCode": "BCN",
    "distance": "2900",
    "stop": "2",
    "fldate": "2017-01-06T00:00:00Z",
    "segments": [
      {
        "airline": "Turkish Airlines",
        "flight": "8852",
        "fromCode": "SEA",
        "fromCity": "Seattle",
        "departTime": "2017-01-06T13:41:00Z",
        "toCode": "SFO",
        "toCity": "San Francisco",
        "arrivalTime": "2017-01-06T15:54:00Z"
      },
      {
        "airline": "Turkish Airlines",
        "flight": "6851",
        "fromCode": "SFO",
        "fromCity": "San Francisco",
        "departTime": "2017-01-06T18:10:00Z",
        "toCode": "SAW",
        "toCity": "Istanbul",
        "arrivalTime": "2017-01-07T17:15:00Z"
      },
      {
        "airline": "Turkish Airlines",
        "flight": "6851",
        "fromCode": "SFO",
        "fromCity": "San Francisco",
        "departTime": "2017-01-07T20:10:00Z",
        "toCode": "BCN",
        "toCity": "Barcelona",
        "arrivalTime": "2017-01-07T23:15:00Z"
      }
    ]
  },
  {
    "id": "37",
    "duration": "15h 10m",
    "price": "2114",
    "fromCode": "BCN",
    "toCode": "SEA",
    "distance": "3883",
    "stop": "1",
    "fldate": "2017-01-07T00:00:00Z",
    "segments": [
      {
        "airline": "British Airway",
        "flight": "88473",
        "fromCode": "BCN",
        "fromCity": "Barcelona",
        "departTime": "2017-01-07T10:10:00Z",
        "toCode": "LHR",
        "toCity": "London",
        "arrivalTime": "2017-01-07T11:35:00Z"
      },
      {
        "airline": "Finnair",
        "flight": "55449",
        "fromCode": "LHR",
        "fromCity": "London",
        "departTime": "2017-01-07T14:25:00Z",
        "toCode": "SEA",
        "toCity": "Seattle",
        "arrivalTime": "2017-01-08T16:20:00Z"
      }
    ]
  },
  {
    "id": "38",
    "duration": "15h 10m",
    "price": "3079",
    "fromCode": "BCN",
    "toCode": "SEA",
    "distance": "3886",
    "stop": "1",
    "fldate": "2017-01-07T00:00:00Z",
    "segments": [
      {
        "airline": "British Airway",
        "flight": "88473",
        "fromCode": "BCN",
        "fromCity": "Barcelona",
        "departTime": "2017-01-07T10:10:00Z",
        "toCode": "LHR",
        "toCity": "London",
        "arrivalTime": "2017-01-07T11:35:00Z"
      },
      {
        "airline": "Virgin",
        "flight": "55105",
        "fromCode": "LHR",
        "fromCity": "London",
        "departTime": "2017-01-07T13:15:00Z",
        "toCode": "SEA",
        "toCity": "Seattle",
        "arrivalTime": "2017-01-07T14:55:00Z"
      }
    ]
  },
  {
    "id": "39",
    "duration": "14h 28m",
    "price": "3098",
    "fromCode": "BCN",
    "toCode": "SEA",
    "distance": "3887",
    "stop": "1",
    "fldate": "2017-01-07T00:00:00Z",
    "segments": [
      {
        "airline": "KLM Royal Dutch",
        "flight": "77662",
        "fromCode": "BCN",
        "fromCity": "Barcelona",
        "departTime": "2017-01-07T16:10:00Z",
        "toCode": "AMS",
        "toCity": "Amsterdam",
        "arrivalTime": "2017-01-07T08:33:00Z"
      },
      {
        "airline": "KLM Royal Dutch",
        "flight": "66033",
        "fromCode": "AMS",
        "fromCity": "Amsterdam",
        "departTime": "2017-01-07T09:50:00Z",
        "toCode": "SEA",
        "toCity": "Seattle",
        "arrivalTime": "2017-01-07T11:28:00Z"
      }
    ]
  },
  {
    "id": "40",
    "duration": "44h 55m",
    "price": "869",
    "fromCode": "SEA",
    "toCode": "BCN",
    "distance": "3880",
    "stop": "2",
    "fldate": "2017-01-07T00:00:00Z",
    "segments": [
      {
        "airline": "Turkish",
        "flight": "8677",
        "fromCode": "SEA",
        "fromCity": "Seattle",
        "departTime": "2017-01-07T08:20:00Z",
        "toCode": "YYZ",
        "toCity": "Toronto",
        "arrivalTime": "2017-01-07T15:50:00Z"
      },
      {
        "airline": "Turkish",
        "flight": "2218",
        "fromCode": "YYT",
        "fromCity": "Toronto",
        "departTime": "2017-01-07T22:15:00Z",
        "toCode": "IST",
        "toCity": "Istanbul",
        "arrivalTime": "2017-01-08T16:05:00Z"
      },
      {
        "airline": "Turkish",
        "flight": "99467",
        "fromCode": "IST",
        "fromCity": "Istanbul",
        "departTime": "2017-01-09T12:35:00Z",
        "toCode": "BCN",
        "toCity": "Barcelona",
        "arrivalTime": "2017-01-09T14:15:59Z"
      }
    ]
  },
  {
    "id": "41",
    "duration": "41h 10m",
    "price": "878",
    "fromCode": "SEA",
    "toCode": "BCN",
    "distance": "3881",
    "stop": "2",
    "fldate": "2017-01-07T00:00:00Z",
    "segments": [
      {
        "airline": "Turkish",
        "flight": "8677",
        "fromCode": "SEA",
        "fromCity": "Seattle",
        "departTime": "2017-01-07T08:20:00Z",
        "toCode": "YYZ",
        "toCity": "Toronto",
        "arrivalTime": "2017-01-07T15:50:00Z"
      },
      {
        "airline": "Turkish",
        "flight": "2218",
        "fromCode": "YYT",
        "fromCity": "Toronto",
        "departTime": "2017-01-07T22:15:00Z",
        "toCode": "IST",
        "toCity": "Istanbul",
        "arrivalTime": "2017-01-08T16:05:00Z"
      },
      {
        "airline": "Turkish",
        "flight": "81853",
        "fromCode": "IST",
        "fromCity": "Istanbul",
        "departTime": "2017-01-09T08:50:00Z",
        "toCode": "BCN",
        "toCity": "Barcelona",
        "arrivalTime": "2017-01-09T10:30:59Z"
      }
    ]
  },
  {
    "id": "42",
    "duration": "39h 30m",
    "price": "878",
    "fromCode": "SEA",
    "toCode": "BCN",
    "distance": "3882",
    "stop": "2",
    "fldate": "2017-01-07T00:00:00Z",
    "segments": [
      {
        "airline": "Turkish",
        "flight": "88617",
        "fromCode": "SEA",
        "fromCity": "Seattle",
        "departTime": "2017-01-07T13:45:00Z",
        "toCode": "ORD",
        "toCity": "Chicago",
        "arrivalTime": "2017-01-07T19:41:00Z"
      },
      {
        "airline": "Turkish",
        "flight": "8860",
        "fromCode": "ORD",
        "fromCity": "Chicago",
        "departTime": "2017-01-07T21:20:00Z",
        "toCode": "IST",
        "toCity": "Istanbul",
        "arrivalTime": "2017-01-08T16:45:00Z"
      },
      {
        "airline": "Turkish",
        "flight": "99467",
        "fromCode": "IST",
        "fromCity": "Istanbul",
        "departTime": "2017-01-09T12:35:00Z",
        "toCode": "BCN",
        "toCity": "Barcelona",
        "arrivalTime": "2017-01-09T14:15:59Z"
      }
    ]
  },
  {
    "id": "43",
    "duration": "29h 15m",
    "price": "1714",
    "fromCode": "BCN",
    "toCode": "SEA",
    "distance": "3885",
    "stop": "1",
    "fldate": "2017-01-08T00:00:00Z",
    "segments": [
      {
        "airline": "Air China",
        "flight": "55842",
        "fromCode": "BCN",
        "fromCity": "Barcelona",
        "departTime": "2017-01-08T11:25:00Z",
        "toCode": "PEK",
        "toCity": "Beijing",
        "arrivalTime": "2017-01-09T07:15:00Z"
      },
      {
        "airline": "China Southern",
        "flight": "57155",
        "fromCode": "PEK",
        "fromCity": "Beijing",
        "departTime": "2017-01-09T12:20:00Z",
        "toCode": "SEA",
        "toCity": "Seattle",
        "arrivalTime": "2017-01-09T07:40:00Z"
      }
    ]
  },
  {
    "id": "44",
    "duration": "29h 46m",
    "price": "1845",
    "fromCode": "BCN",
    "toCode": "PVG",
    "distance": "3886",
    "stop": "1",
    "fldate": "2017-01-08T00:00:00Z",
    "segments": [
      {
        "airline": "Air China",
        "flight": "51840",
        "fromCode": "BCN",
        "fromCity": "Barcelona",
        "departTime": "2017-01-08T11:15:00Z",
        "toCode": "PVG",
        "toCity": "Shanghai",
        "arrivalTime": "2017-01-09T06:30:00Z"
      },
      {
        "airline": "China Eastern",
        "flight": "44889",
        "fromCode": "PVG",
        "fromCity": "Shanghai",
        "departTime": "2017-01-09T12:50:00Z",
        "toCode": "SEA",
        "toCity": "Seattle",
        "arrivalTime": "2017-01-09T08:01:00Z"
      }
    ]
  },
  {
    "id": "45",
    "duration": "24h 00m",
    "price": "2911",
    "fromCode": "BCN",
    "toCode": "SEA",
    "distance": "3888",
    "stop": "1",
    "fldate": "2017-01-08T00:00:00Z",
    "segments": [
      {
        "airline": "Korean air",
        "flight": "99916",
        "fromCode": "BCN",
        "fromCity": "Barcelona",
        "departTime": "2017-01-08T20:10:00Z",
        "toCode": "ICN",
        "toCity": "Seoul-Incheon",
        "arrivalTime": "2017-01-09T16:10:00Z"
      },
      {
        "airline": "Asian Airline",
        "flight": "2272",
        "fromCode": "ICN",
        "fromCity": "Seoul-Incheon",
        "departTime": "2017-01-09T18:30:00Z",
        "toCode": "SEA",
        "toCity": "Seattle",
        "arrivalTime": "2017-01-09T11:10:00Z"
      }
    ]
  },
  {
    "id": "46",
    "duration": "13h 19m",
    "price": "1331",
    "fromCode": "SEA",
    "toCode": "BCN",
    "distance": "3900",
    "stop": "1",
    "fldate": "2017-01-08T00:00:00Z",
    "segments": [
      {
        "airline": "Alaska Airlines",
        "flight": "6996",
        "fromCode": "SEA",
        "fromCity": "Seattle",
        "departTime": "2017-01-08T13:11:00Z",
        "toCode": "AMS",
        "toCity": "Amsterdam",
        "arrivalTime": "2017-01-09T08:20:00Z"
      },
      {
        "airline": "Alaska Airlines",
        "flight": "4478",
        "fromCode": "CDG",
        "fromCity": "Paris",
        "departTime": "2017-01-09T09:50:00Z",
        "toCode": "BCN",
        "toCity": "Barcelona",
        "arrivalTime": "2017-01-09T11:30:00Z"
      }
    ]
  },
  {
    "id": "47",
    "duration": "13h 25m",
    "price": "1331",
    "fromCode": "SEA",
    "toCode": "BCN",
    "distance": "3900",
    "stop": "1",
    "fldate": "2017-01-08T00:00:00Z",
    "segments": [
      {
        "airline": "Alaska Airlines",
        "flight": "33256",
        "fromCode": "SEA",
        "fromCity": "Seattle",
        "departTime": "2017-01-08T13:51:00Z",
        "toCode": "AMS",
        "toCity": "Amsterdam",
        "arrivalTime": "2017-01-09T08:50:00Z"
      },
      {
        "airline": "Alaska Airlines",
        "flight": "4478",
        "fromCode": "AMS",
        "fromCity": "Amsterdam",
        "departTime": "2017-01-09T10:20:00Z",
        "toCode": "BCN",
        "toCity": "Barcelona",
        "arrivalTime": "2017-01-09T12:35:00Z"
      }
    ]
  },
  {
    "id": "48",
    "duration": "13h 25m",
    "price": "1331",
    "fromCode": "SEA",
    "toCode": "BCN",
    "distance": "3900",
    "stop": "1",
    "fldate": "2017-01-08T00:00:00Z",
    "segments": [
      {
        "airline": "Alaska Airlines",
        "flight": "3353",
        "fromCode": "SEA",
        "fromCity": "Seattle",
        "departTime": "2017-01-08T07:40:00Z",
        "toCode": "JFK",
        "toCity": "New York",
        "arrivalTime": "2017-01-08T16:00:00Z"
      },
      {
        "airline": "Alaska Airlines",
        "flight": "6053",
        "fromCode": "JFK",
        "fromCity": "New York",
        "departTime": "2017-01-08T19:49:00Z",
        "toCode": "BCN",
        "toCity": "Barcelona",
        "arrivalTime": "2017-01-09T09:55:00Z"
      }
    ]
  },
  {
    "id": "49",
    "duration": "43h 14m",
    "price": "1385",
    "fromCode": "BCN",
    "toCode": "SEA",
    "distance": "3750",
    "stop": "2",
    "fldate": "2017-01-09T00:00:00Z",
    "segments": [
      {
        "airline": "Turkish",
        "flight": "1852",
        "fromCode": "BCN",
        "fromCity": "Barcelona",
        "departTime": "2017-01-09T11:45:00Z",
        "toCode": "IST",
        "toCity": "Istanbul",
        "arrivalTime": "2017-01-09T16:15:00Z"
      },
      {
        "airline": "Turkish",
        "flight": "5253",
        "fromCode": "IST",
        "fromCity": "Istanbul",
        "departTime": "2017-01-10T14:00:00Z",
        "toCode": "ORD",
        "toCity": "chicago",
        "arrivalTime": "2017-01-10T17:35:00Z"
      },
      {
        "airline": "Turkish",
        "flight": "8609",
        "fromCode": "ORD",
        "fromCity": "chicago",
        "departTime": "2017-01-10T19:25:00Z",
        "toCode": "SEA",
        "toCity": "Seattle",
        "arrivalTime": "2017-01-10T17:21:59Z"
      }
    ]
  },
  {
    "id": "50",
    "duration": "41h 44m",
    "price": "1245",
    "fromCode": "BCN",
    "toCode": "SEA",
    "distance": "3750",
    "stop": "2",
    "fldate": "2017-01-09T00:00:00Z",
    "segments": [
      {
        "airline": "Turkish",
        "flight": "4563",
        "fromCode": "BCN",
        "fromCity": "Barcelona",
        "departTime": "2017-01-09T13:15:00Z",
        "toCode": "SAW",
        "toCity": "Istanbul-Turkey",
        "arrivalTime": "2017-01-09T17:35:00Z"
      },
      {
        "airline": "Turkish",
        "flight": "5963",
        "fromCode": "IST",
        "fromCity": "Istanbul-Turkey",
        "departTime": "2017-01-10T14:00:00Z",
        "toCode": "ORD",
        "toCity": "chicago",
        "arrivalTime": "2017-01-10T17:35:00Z"
      },
      {
        "airline": "Turkish",
        "flight": "1654",
        "fromCode": "ORD",
        "fromCity": "chicago",
        "departTime": "2017-01-10T19:25:00Z",
        "toCode": "SEA",
        "toCity": "Seattle",
        "arrivalTime": "2017-01-10T21:59:59Z"
      }
    ]
  },
  {
    "id": "51",
    "duration": "40h 46m",
    "price": "1585",
    "fromCode": "BCN",
    "toCode": "SEA",
    "distance": "3750",
    "stop": "2",
    "fldate": "2017-01-09T00:00:00Z",
    "segments": [
      {
        "airline": "American Airlines",
        "flight": "1265",
        "fromCode": "BCN",
        "fromCity": "Barcelona",
        "departTime": "2017-01-09T11:30:00Z",
        "toCode": "OSL",
        "toCity": "Oslo, Norway",
        "arrivalTime": "2017-01-09T14:50:00Z"
      },
      {
        "airline": "American Airlines",
        "flight": "7863",
        "fromCode": "OSL",
        "fromCity": "Oslo, Norway",
        "departTime": "2017-01-10T11:10:00Z",
        "toCode": "EWR",
        "toCity": "Newark",
        "arrivalTime": "2017-01-10T13:15:00Z"
      },
      {
        "airline": "American Airlines",
        "flight": "4589",
        "fromCode": "EWR",
        "fromCity": "Newark",
        "departTime": "2017-01-10T16:10:00Z",
        "toCode": "SEA",
        "toCity": "Seattle",
        "arrivalTime": "2017-01-10T19:16:59Z"
      }
    ]
  },
  {
    "id": "52",
    "duration": "13h 40m",
    "price": "1935",
    "fromCode": "SEA",
    "toCode": "BCN",
    "distance": "3500",
    "stop": "1",
    "fldate": "2017-01-09T00:00:00Z",
    "segments": [
      {
        "airline": "KLM Royal dutch KL",
        "flight": "4567",
        "fromCode": "SEA",
        "fromCity": "Seattle",
        "departTime": "2017-01-09T13:51:00Z",
        "toCode": "AMS",
        "toCity": "Amsterdam",
        "arrivalTime": "2017-01-09T08:50:00Z"
      },
      {
        "airline": "Delta Airlines DL",
        "flight": "490",
        "fromCode": "AMS",
        "fromCity": "Amsterdam",
        "departTime": "2017-01-10T10:20:00Z",
        "toCode": "BCN",
        "toCity": "Barcelona",
        "arrivalTime": "2017-01-10T12:35:00Z"
      }
    ]
  },
  {
    "id": "53",
    "duration": "13h 25m",
    "price": "1935",
    "fromCode": "SEA",
    "toCode": "BCN",
    "distance": "3500",
    "stop": "1",
    "fldate": "2017-01-09T00:00:00Z",
    "segments": [
      {
        "airline": "KLM Royal dutch KL",
        "flight": "46587",
        "fromCode": "SEA",
        "fromCity": "Seattle",
        "departTime": "2017-01-09T18:00:00Z",
        "toCode": "AMS",
        "toCity": "Amsterdam",
        "arrivalTime": "2017-01-10T13:00:00Z"
      },
      {
        "airline": "KLM Royal dutch KL",
        "flight": "1112",
        "fromCode": "AMS",
        "fromCity": "Amsterdam",
        "departTime": "2017-01-10T14:15:00Z",
        "toCode": "BCN",
        "toCity": "Barcelona",
        "arrivalTime": "2017-01-10T16:25:00Z"
      }
    ]
  },
  {
    "id": "54",
    "duration": "17h 15m",
    "price": "1901",
    "fromCode": "SEA",
    "toCode": "BCN",
    "distance": "3500",
    "stop": "1",
    "fldate": "2017-01-09T00:00:00Z",
    "segments": [
      {
        "airline": "Delta Airlines",
        "flight": "46007",
        "fromCode": "SEA",
        "fromCity": "Seattle",
        "departTime": "2017-01-09T07:40:00Z",
        "toCode": "JFK",
        "toCity": "New York",
        "arrivalTime": "2017-01-10T16:00:00Z"
      },
      {
        "airline": "Delta Airlines",
        "flight": "1222",
        "fromCode": "JFK",
        "fromCity": "New York",
        "departTime": "2017-01-10T19:49:00Z",
        "toCode": "BCN",
        "toCity": "Barcelona",
        "arrivalTime": "2017-01-10T09:55:00Z"
      }
    ]
  },
  {
    "id": "55",
    "duration": "24h 59m",
    "price": "4502",
    "fromCode": "BCN",
    "toCode": "SEA",
    "distance": "3750",
    "stop": "1",
    "fldate": "10-01-2017",
    "segments": [
      {
        "airline": "Alaska Airlines",
        "flight": "4569",
        "fromCode": "BCN",
        "fromCity": "Barcelona",
        "departTime": "2017-01-10T06:05:00Z",
        "toCode": "IST",
        "toCity": "Istanbul",
        "arrivalTime": "2017-01-10T10:20:00Z"
      },
      {
        "airline": "Alaska Airlines",
        "flight": "2598",
        "fromCode": "IST",
        "fromCity": "Istanbul",
        "departTime": "2017-01-10T14:00:00Z",
        "toCode": "SEA",
        "toCity": "Seattle",
        "arrivalTime": "2017-01-10T17:35:00Z"
      }
    ]
  },
  {
    "id": "56",
    "duration": "18h 57m",
    "price": "1774",
    "fromCode": "BCN",
    "toCode": "SEA",
    "distance": "7500",
    "stop": "1",
    "fldate": "2017-01-09T00:00:00Z",
    "segments": [
      {
        "airline": "KLM Royal dutch KL",
        "flight": "7854",
        "fromCode": "BCN",
        "fromCity": "Barcelona",
        "departTime": "2017-01-09T12:05:00Z",
        "toCode": "JFK",
        "toCity": "New York",
        "arrivalTime": "2017-01-09T15:05:00Z"
      },
      {
        "airline": "Delta Airlines DL",
        "flight": "440",
        "fromCode": "JFK",
        "fromCity": "New York",
        "departTime": "2017-01-09T18:30:00Z",
        "toCode": "SEA",
        "toCity": "Seattle",
        "arrivalTime": "2017-01-09T21:57:00Z"
      }
    ]
  },
  {
    "id": "57",
    "duration": "29h 11m",
    "price": "1880",
    "fromCode": "BCN",
    "toCode": "SEA",
    "distance": "3500",
    "stop": "1",
    "fldate": "2017-01-10T00:00:00Z",
    "segments": [
      {
        "airline": "United Airlines",
        "flight": "1145",
        "fromCode": "BCN",
        "fromCity": "Barcelona",
        "departTime": "2017-01-10T11:25:00Z",
        "toCode": "PEK",
        "toCity": "Beijing",
        "arrivalTime": "2017-01-11T06:25:00Z"
      },
      {
        "airline": "United Airlines",
        "flight": "3310",
        "fromCode": "PEK",
        "fromCity": "Beijing",
        "departTime": "2017-01-11T11:20:00Z",
        "toCode": "SEA",
        "toCity": "Seattle",
        "arrivalTime": "2017-01-11T07:36:00Z"
      }
    ]
  },
  {
    "id": "58",
    "duration": "14h 30m",
    "price": "1890",
    "fromCode": "SEA",
    "toCode": "BCN",
    "distance": "3500",
    "stop": "1",
    "fldate": "2017-01-10T00:00:00Z",
    "segments": [
      {
        "airline": "JetBlue Airlines",
        "flight": "1445",
        "fromCode": "SEA",
        "fromCity": "Seattle",
        "departTime": "2017-01-10T09:15:00Z",
        "toCode": "ATL",
        "toCity": "Atlanta",
        "arrivalTime": "2017-01-10T16:54:00Z"
      },
      {
        "airline": "JetBlue Airlines",
        "flight": "3330",
        "fromCode": "ATL",
        "fromCity": "Atlanta",
        "departTime": "2017-01-11T17:50:00Z",
        "toCode": "BCN",
        "toCity": "Barcelona",
        "arrivalTime": "2017-01-11T08:36:00Z"
      }
    ]
  },
  {
    "id": "59",
    "duration": "13h 19m",
    "price": "1932",
    "fromCode": "SEA",
    "toCode": "BCN",
    "distance": "3500",
    "stop": "1",
    "fldate": "2017-01-10T00:00:00Z",
    "segments": [
      {
        "airline": "JetBlue Airlines",
        "flight": "2256",
        "fromCode": "SEA",
        "fromCity": "Seattle",
        "departTime": "2017-01-10T13:11:00Z",
        "toCode": "CDG",
        "toCity": "Paris",
        "arrivalTime": "2017-01-11T08:20:00Z"
      },
      {
        "airline": "JetBlue Airlines",
        "flight": "33445",
        "fromCode": "CDG",
        "fromCity": "Paris",
        "departTime": "2017-01-11T09:50:00Z",
        "toCode": "BCN",
        "toCity": "Barcelona",
        "arrivalTime": "2017-01-11T11:30:00Z"
      }
    ]
  },
  {
    "id": "60",
    "duration": "13h 19m",
    "price": "1442",
    "fromCode": "SEA",
    "toCode": "BCN",
    "distance": "3500",
    "stop": "1",
    "fldate": "2017-01-10T00:00:00Z",
    "segments": [
      {
        "airline": "Hawaiian Airlines",
        "flight": "5556",
        "fromCode": "SEA",
        "fromCity": "Seattle",
        "departTime": "2017-01-10T13:11:00Z",
        "toCode": "CDG",
        "toCity": "Paris",
        "arrivalTime": "2017-01-11T08:20:00Z"
      },
      {
        "airline": "Hawaiian Airlines",
        "flight": "5445",
        "fromCode": "CDG",
        "fromCity": "Paris",
        "departTime": "2017-01-11T09:50:00Z",
        "toCode": "BCN",
        "toCity": "Barcelona",
        "arrivalTime": "2017-01-11T11:30:00Z"
      }
    ]
  },
  {
    "id": "61",
    "duration": "36h 4m",
    "price": "1541",
    "fromCode": "BCN",
    "toCode": "SEA",
    "distance": "3500",
    "stop": "2",
    "fldate": "2017-01-11T00:00:00Z",
    "segments": [
      {
        "airline": "Turkish Airlines",
        "flight": "8886",
        "fromCode": "BCN",
        "fromCity": "Barcelona",
        "departTime": "2017-01-11T18:55:00Z",
        "toCode": "IST",
        "toCity": "Istanbul",
        "arrivalTime": "2017-01-11T23:20:00Z"
      },
      {
        "airline": "Turkish Airlines",
        "flight": "8965",
        "fromCode": "IST",
        "fromCity": "Istanbul",
        "departTime": "2017-01-12T14:00:00Z",
        "toCode": "ORD",
        "toCity": "Chicago",
        "arrivalTime": "2017-01-12T17:30:00Z"
      },
      {
        "airline": "Turkish Airlines",
        "flight": "2235",
        "fromCode": "ORD",
        "fromCity": "Chicago",
        "departTime": "2017-01-12T19:25:00Z",
        "toCode": "SEA",
        "toCity": "Seattle",
        "arrivalTime": "2017-01-12T21:59:00Z"
      }
    ]
  },
  {
    "id": "62",
    "duration": "36h 4m",
    "price": "1541",
    "fromCode": "BCN",
    "toCode": "SEA",
    "distance": "3500",
    "stop": "1",
    "fldate": "2017-01-11T00:00:00Z",
    "segments": [
      {
        "airline": "United Airlines",
        "flight": "1256",
        "fromCode": "BCN",
        "fromCity": "Barcelona",
        "departTime": "2017-01-11T11:45:00Z",
        "toCode": "PVG",
        "toCity": "Shanghai",
        "arrivalTime": "2017-01-12T05:55:00Z"
      },
      {
        "airline": "United Airlines",
        "flight": "8967",
        "fromCode": "PVG",
        "fromCity": "Shanghai",
        "departTime": "2017-01-12T12:20:00Z",
        "toCode": "SEA",
        "toCity": "Seattle",
        "arrivalTime": "2017-01-12T08:52:00Z"
      }
    ]
  },
  {
    "id": "63",
    "duration": "29h 35m",
    "price": "2115",
    "fromCode": "BCN",
    "toCode": "SEA",
    "distance": "3500",
    "stop": "1",
    "fldate": "2017-01-11T00:00:00Z",
    "segments": [
      {
        "airline": "British Airlines",
        "flight": "1479",
        "fromCode": "BCN",
        "fromCity": "Barcelona",
        "departTime": "2017-01-11T20:35:00Z",
        "toCode": "LHR",
        "toCity": "London",
        "arrivalTime": "2017-01-11T21:50:00Z"
      },
      {
        "airline": "British Airlines",
        "flight": "7436",
        "fromCode": "LHR",
        "fromCity": "London",
        "departTime": "2017-01-12T15:20:00Z",
        "toCode": "SEA",
        "toCity": "Seattle",
        "arrivalTime": "2017-01-12T17:10:00Z"
      }
    ]
  },
  {
    "id": "64",
    "duration": "37h 40m",
    "price": "968",
    "fromCode": "SEA",
    "toCode": "BCN",
    "distance": "3500",
    "stop": "2",
    "fldate": "2017-01-11T00:00:00Z",
    "segments": [
      {
        "airline": "Hawaiian Airlines",
        "flight": "7563",
        "fromCode": "SEA",
        "fromCity": "Seattle",
        "departTime": "2017-01-11T13:54:00Z",
        "toCode": "SFO",
        "toCity": "San Francisco",
        "arrivalTime": "2017-01-11T15:15:00Z"
      },
      {
        "airline": "Hawaiian Airlines",
        "flight": "44589",
        "fromCode": "SFO",
        "fromCity": "San Francisco",
        "departTime": "2017-01-11T18:10:00Z",
        "toCode": "IST",
        "toCity": "Istanbul",
        "arrivalTime": "2017-01-12T17:15:00Z"
      },
      {
        "airline": "Hawaiian Airlines",
        "flight": "44589",
        "fromCode": "IST",
        "fromCity": "Istanbul",
        "departTime": "2017-01-13T09:10:00Z",
        "toCode": "IST",
        "toCity": "Istanbul",
        "arrivalTime": "2017-01-13T12:15:00Z"
      }
    ]
  },
  {
    "id": "65",
    "duration": "17h 15m",
    "price": "1901",
    "fromCode": "SEA",
    "toCode": "BCN",
    "distance": "3500",
    "stop": "1",
    "fldate": "2017-01-11T00:00:00Z",
    "segments": [
      {
        "airline": "Hawaiian Airlines",
        "flight": "7789",
        "fromCode": "SEA",
        "fromCity": "Seattle",
        "departTime": "2017-01-11T07:40:00Z",
        "toCode": "JFK",
        "toCity": "New York",
        "arrivalTime": "2017-01-11T16:15:00Z"
      },
      {
        "airline": "Hawaiian Airlines",
        "flight": "8996",
        "fromCode": "JFK",
        "fromCity": "New York",
        "departTime": "2017-01-11T19:49:00Z",
        "toCode": "BCN",
        "toCity": "Barcelona",
        "arrivalTime": "2017-01-12T09:55:00Z"
      }
    ]
  },
  {
    "id": "66",
    "duration": "14h 30m",
    "price": "1901",
    "fromCode": "SEA",
    "toCode": "BCN",
    "distance": "3500",
    "stop": "1",
    "fldate": "2017-01-11T00:00:00Z",
    "segments": [
      {
        "airline": "KLM Royal Dutch KL",
        "flight": "5445",
        "fromCode": "SEA",
        "fromCity": "Seattle",
        "departTime": "2017-01-11T09:15:00Z",
        "toCode": "ATL",
        "toCity": "Atlanta",
        "arrivalTime": "2017-01-11T16:54:00Z"
      },
      {
        "airline": "KLM Royal Dutch KL",
        "flight": "223",
        "fromCode": "ATL",
        "fromCity": "Atlanta",
        "departTime": "2017-01-11T17:49:00Z",
        "toCode": "BCN",
        "toCity": "Barcelona",
        "arrivalTime": "2017-01-12T08:45:00Z"
      }
    ]
  },
  {
    "id": "67",
    "duration": "19h 00m",
    "price": "1821",
    "fromCode": "BCN",
    "toCode": "SEA",
    "distance": "3500",
    "stop": "1",
    "fldate": "2017-01-12T00:00:00Z",
    "segments": [
      {
        "airline": "KLM Royal Dutch KL",
        "flight": "9687",
        "fromCode": "BCN",
        "fromCity": "Barcelona",
        "departTime": "2017-01-12T07:15:00Z",
        "toCode": "LHR",
        "toCity": "London",
        "arrivalTime": "2017-01-12T08:35:00Z"
      },
      {
        "airline": "KLM Royal Dutch KL",
        "flight": "8896",
        "fromCode": "LHR",
        "fromCity": "London",
        "departTime": "2017-01-12T15:30:00Z",
        "toCode": "SEA",
        "toCity": "Seattle",
        "arrivalTime": "2017-01-12T17:10:00Z"
      }
    ]
  },
  {
    "id": "68",
    "duration": "23h 40m",
    "price": "1921",
    "fromCode": "BCN",
    "toCode": "SEA",
    "distance": "3500",
    "stop": "1",
    "fldate": "2017-01-12T00:00:00Z",
    "segments": [
      {
        "airline": "Korean Air",
        "flight": "7778",
        "fromCode": "BCN",
        "fromCity": "Barcelona",
        "departTime": "2017-01-12T22:10:00Z",
        "toCode": "ICN",
        "toCity": "Seoul-Incheon",
        "arrivalTime": "2017-01-12T17:30:00Z"
      },
      {
        "airline": "Korean Air",
        "flight": "2236",
        "fromCode": "ICN",
        "fromCity": "Seoul-Incheon",
        "departTime": "2017-01-13T18:40:00Z",
        "toCode": "SEA",
        "toCity": "Seattle",
        "arrivalTime": "2017-01-13T12:50:00Z"
      }
    ]
  },
  {
    "id": "69",
    "duration": "14h 36m",
    "price": "1921",
    "fromCode": "BCN",
    "toCode": "SEA",
    "distance": "3500",
    "stop": "1",
    "fldate": "2017-01-12T00:00:00Z",
    "segments": [
      {
        "airline": "Delta Airlines",
        "flight": "8633",
        "fromCode": "BCN",
        "fromCity": "Barcelona",
        "departTime": "2017-01-12T06:15:00Z",
        "toCode": "CDG",
        "toCity": "Paris",
        "arrivalTime": "2017-01-12T08:10:00Z"
      },
      {
        "airline": "Korean Air",
        "flight": "223",
        "fromCode": "CDG",
        "fromCity": "Paris",
        "departTime": "2017-01-12T10:10:00Z",
        "toCode": "SEA",
        "toCity": "Seattle",
        "arrivalTime": "2017-01-12T11:51:00Z"
      }
    ]
  },
  {
    "id": "70",
    "duration": "13h 19m",
    "price": "2901",
    "fromCode": "SEA",
    "toCode": "BCN",
    "distance": "1500",
    "stop": "1",
    "fldate": "2017-01-12T00:00:00Z",
    "segments": [
      {
        "airline": "Delta Airlines",
        "flight": "8896",
        "fromCode": "SEA",
        "fromCity": "Seattle",
        "departTime": "2017-01-12T13:15:00Z",
        "toCode": "CDG",
        "toCity": "Paris",
        "arrivalTime": "2017-01-13T08:20:00Z"
      },
      {
        "airline": "Delta Airlines",
        "flight": "45221",
        "fromCode": "CDG",
        "fromCity": "Paris",
        "departTime": "2017-01-13T09:50:00Z",
        "toCode": "BCN",
        "toCity": "Barcelona",
        "arrivalTime": "2017-01-13T11:30:00Z"
      }
    ]
  },
  {
    "id": "71",
    "duration": "13h 44m",
    "price": "2901",
    "fromCode": "SEA",
    "toCode": "BCN",
    "distance": "1500",
    "stop": "1",
    "fldate": "2017-01-12T00:00:00Z",
    "segments": [
      {
        "airline": "Delta Airlines",
        "flight": "4456",
        "fromCode": "SEA",
        "fromCity": "Seattle",
        "departTime": "2017-01-12T13:51:00Z",
        "toCode": "AMS",
        "toCity": "Amsterdam",
        "arrivalTime": "2017-01-13T08:50:00Z"
      },
      {
        "airline": "Delta Airlines",
        "flight": "8858",
        "fromCode": "AMS",
        "fromCity": "Paris",
        "departTime": "2017-01-13T10:20:00Z",
        "toCode": "BCN",
        "toCity": "Barcelona",
        "arrivalTime": "2017-01-13T12:30:00Z"
      }
    ]
  },
  {
    "id": "72",
    "duration": "17h 15m",
    "price": "2601",
    "fromCode": "SEA",
    "toCode": "BCN",
    "distance": "1500",
    "stop": "1",
    "fldate": "2017-01-12T00:00:00Z",
    "segments": [
      {
        "airline": "Delta Airlines",
        "flight": "88521",
        "fromCode": "SEA",
        "fromCity": "Seattle",
        "departTime": "2017-01-12T07:40:00Z",
        "toCode": "JFK",
        "toCity": "New York",
        "arrivalTime": "2017-01-12T16:03:00Z"
      },
      {
        "airline": "Delta Airlines",
        "flight": "5658",
        "fromCode": "JFK",
        "fromCity": "New York",
        "departTime": "2017-01-12T19:49:00Z",
        "toCode": "BCN",
        "toCity": "Barcelona",
        "arrivalTime": "2017-01-13T09:55:00Z"
      }
    ]
  },
  {
    "id": "73",
    "duration": "29h 11m",
    "price": "2921",
    "fromCode": "BCN",
    "toCode": "SEA",
    "distance": "3500",
    "stop": "1",
    "fldate": "2017-01-13T00:00:00Z",
    "segments": [
      {
        "airline": "Fiji Airways",
        "flight": "9965",
        "fromCode": "BCN",
        "fromCity": "Barcelona",
        "departTime": "2017-01-13T11:25:00Z",
        "toCode": "PEK",
        "toCity": "Beijing",
        "arrivalTime": "2017-01-14T06:25:00Z"
      },
      {
        "airline": "Fiji Airways",
        "flight": "6689",
        "fromCode": "PEK",
        "fromCity": "Beijing",
        "departTime": "2017-01-14T11:20:00Z",
        "toCode": "SEA",
        "toCity": "Seattle",
        "arrivalTime": "2017-01-14T07:36:00Z"
      }
    ]
  },
  {
    "id": "74",
    "duration": "16h 50m",
    "price": "3077",
    "fromCode": "BCN",
    "toCode": "SEA",
    "distance": "3500",
    "stop": "1",
    "fldate": "2017-01-13T00:00:00Z",
    "segments": [
      {
        "airline": "British Airways",
        "flight": "3336",
        "fromCode": "BCN",
        "fromCity": "Barcelona",
        "departTime": "2017-01-13T07:10:00Z",
        "toCode": "LHR",
        "toCity": "London",
        "arrivalTime": "2017-01-13T08:35:00Z"
      },
      {
        "airline": "British Airways",
        "flight": "4466",
        "fromCode": "LHR",
        "fromCity": "London",
        "departTime": "2017-01-13T13:20:00Z",
        "toCode": "SEA",
        "toCity": "Seattle",
        "arrivalTime": "2017-01-13T15:00:00Z"
      }
    ]
  },
  {
    "id": "75",
    "duration": "13h 55m",
    "price": "786",
    "fromCode": "BCN",
    "toCode": "SEA",
    "distance": "3500",
    "stop": "1",
    "fldate": "2017-01-13T00:00:00Z",
    "segments": [
      {
        "airline": "KLM Royal Dutch KL",
        "flight": "6569",
        "fromCode": "BCN",
        "fromCity": "Barcelona",
        "departTime": "2017-01-13T06:20:00Z",
        "toCode": "AMS",
        "toCity": "Amsterdam",
        "arrivalTime": "2017-01-13T08:55:00Z"
      },
      {
        "airline": "KLM Royal Dutch KL",
        "flight": "7789",
        "fromCode": "AMS",
        "fromCity": "Amsterdam",
        "departTime": "2017-01-13T09:50:00Z",
        "toCode": "SEA",
        "toCity": "Seattle",
        "arrivalTime": "2017-01-13T11:15:00Z"
      }
    ]
  },
  {
    "id": "76",
    "duration": "24h 20m",
    "price": "930",
    "fromCode": "SEA",
    "toCode": "BCN",
    "distance": "2900",
    "stop": "2",
    "fldate": "2017-01-13T00:00:00Z",
    "segments": [
      {
        "airline": "Delta Airlines",
        "flight": "2121",
        "fromCode": "SEA",
        "fromCity": "Seattle",
        "departTime": "2017-01-13T13:45:00Z",
        "toCode": "ORD",
        "toCity": "Chicago",
        "arrivalTime": "2017-01-13T19:46:00Z"
      },
      {
        "airline": "Delta Airlines",
        "flight": "9989",
        "fromCode": "ORD",
        "fromCity": "Chicago",
        "departTime": "2017-01-13T21:40:00Z",
        "toCode": "IST",
        "toCity": "Istanbul",
        "arrivalTime": "2017-01-14T16:15:00Z"
      },
      {
        "airline": "Delta Airlines",
        "flight": "986",
        "fromCode": "IST",
        "fromCity": "Istanbul",
        "departTime": "2017-01-14T20:10:00Z",
        "toCode": "BCN",
        "toCity": "Barcelona",
        "arrivalTime": "2017-01-14T23:05:00Z"
      }
    ]
  },
  {
    "id": "77",
    "duration": "17h 15m",
    "price": "1901",
    "fromCode": "SEA",
    "toCode": "BCN",
    "distance": "2900",
    "stop": "1",
    "fldate": "2017-01-13T00:00:00Z",
    "segments": [
      {
        "airline": "Delta Airlines",
        "flight": "1212",
        "fromCode": "SEA",
        "fromCity": "Seattle",
        "departTime": "2017-01-13T07:45:00Z",
        "toCode": "JFK",
        "toCity": "New york",
        "arrivalTime": "2017-01-13T16:03:00Z"
      },
      {
        "airline": "Delta Airlines",
        "flight": "6685",
        "fromCode": "JFK",
        "fromCity": "New york",
        "departTime": "2017-01-13T19:49:00Z",
        "toCode": "BCN",
        "toCity": "Barcelona",
        "arrivalTime": "2017-01-14T09:55:00Z"
      }
    ]
  },
  {
    "id": "78",
    "duration": "14h 30m",
    "price": "1901",
    "fromCode": "SEA",
    "toCode": "BCN",
    "distance": "2900",
    "stop": "1",
    "fldate": "2017-01-13T00:00:00Z",
    "segments": [
      {
        "airline": "American Airlines",
        "flight": "9876",
        "fromCode": "SEA",
        "fromCity": "Seattle",
        "departTime": "2017-01-13T09:15:00Z",
        "toCode": "ATL",
        "toCity": "Atlanta",
        "arrivalTime": "2017-01-13T16:54:00Z"
      },
      {
        "airline": "American Airlines",
        "flight": "681",
        "fromCode": "ATL",
        "fromCity": "Atlanta",
        "departTime": "2017-01-13T17:50:00Z",
        "toCode": "BCN",
        "toCity": "Barcelona",
        "arrivalTime": "2017-01-14T08:45:00Z"
      }
    ]
  },
  {
    "id": "79",
    "duration": "14h 30m",
    "price": "1901",
    "fromCode": "BCN",
    "toCode": "SEA",
    "distance": "3900",
    "stop": "1",
    "fldate": "2017-01-14T00:00:00Z",
    "segments": [
      {
        "airline": "Alaska Airlines",
        "flight": "8998",
        "fromCode": "BCN",
        "fromCity": "Barcelona",
        "departTime": "2017-01-14T10:15:00Z",
        "toCode": "JFK",
        "toCity": "New York",
        "arrivalTime": "2017-01-14T16:54:00Z"
      },
      {
        "airline": "American Airlines",
        "flight": "9963",
        "fromCode": "JFK",
        "fromCity": "New York",
        "departTime": "2017-01-14T19:50:00Z",
        "toCode": "SEA",
        "toCity": "Seattle",
        "arrivalTime": "2017-01-14T09:45:00Z"
      }
    ]
  },
  {
    "id": "80",
    "duration": "27h 15m",
    "price": "1901",
    "fromCode": "BCN",
    "toCode": "SEA",
    "distance": "3900",
    "stop": "1",
    "fldate": "2017-01-14T00:00:00Z",
    "segments": [
      {
        "airline": "Alaska Airlines",
        "flight": "7773",
        "fromCode": "BCN",
        "fromCity": "Barcelona",
        "departTime": "2017-01-14T13:15:00Z",
        "toCode": "IST",
        "toCity": "Istanbul",
        "arrivalTime": "2017-01-14T17:54:00Z"
      },
      {
        "airline": "American Airlines",
        "flight": "9963",
        "fromCode": "IST",
        "fromCity": "Istanbul",
        "departTime": "2017-01-15T14:00:00Z",
        "toCode": "SEA",
        "toCity": "Seattle",
        "arrivalTime": "2017-01-15T17:45:00Z"
      }
    ]
  },
  {
    "id": "81",
    "duration": "23h 40m",
    "price": "1901",
    "fromCode": "BCN",
    "toCode": "SEA",
    "distance": "3900",
    "stop": "1",
    "fldate": "2017-01-14T00:00:00Z",
    "segments": [
      {
        "airline": "Alaska Airlines",
        "flight": "3333",
        "fromCode": "BCN",
        "fromCity": "Barcelona",
        "departTime": "2017-01-14T22:15:00Z",
        "toCode": "ICN",
        "toCity": "Seoul-Incheon",
        "arrivalTime": "2017-01-15T17:30:00Z"
      },
      {
        "airline": "Alaska Airlines",
        "flight": "5555",
        "fromCode": "ICN",
        "fromCity": "Seoul-Incheon",
        "departTime": "2017-01-15T18:40:00Z",
        "toCode": "SEA",
        "toCity": "Seattle",
        "arrivalTime": "2017-01-15T12:45:00Z"
      }
    ]
  },
  {
    "id": "82",
    "duration": "16h 00m",
    "price": "1331",
    "fromCode": "SEA",
    "toCode": "BCN",
    "distance": "3900",
    "stop": "1",
    "fldate": "2017-01-14T00:00:00Z",
    "segments": [
      {
        "airline": "Alaska Airlines",
        "flight": "78953",
        "fromCode": "SEA",
        "fromCity": "Seattle",
        "departTime": "2017-01-14T07:45:00Z",
        "toCode": "ATL",
        "toCity": "Atlanta",
        "arrivalTime": "2017-01-14T15:25:00Z"
      },
      {
        "airline": "Alaska Airlines",
        "flight": "9886",
        "fromCode": "ATL",
        "fromCity": "Atlanta",
        "departTime": "2017-01-14T17:50:00Z",
        "toCode": "BCN",
        "toCity": "Barcelona",
        "arrivalTime": "2017-01-15T08:45:00Z"
      }
    ]
  },
  {
    "id": "83",
    "duration": "13h 44m",
    "price": "1331",
    "fromCode": "SEA",
    "toCode": "BCN",
    "distance": "3900",
    "stop": "1",
    "fldate": "2017-01-14T00:00:00Z",
    "segments": [
      {
        "airline": "Alaska Airlines",
        "flight": "8969",
        "fromCode": "SEA",
        "fromCity": "Seattle",
        "departTime": "2017-01-14T13:51:00Z",
        "toCode": "AMS",
        "toCity": "Amsterdam",
        "arrivalTime": "2017-01-15T08:50:00Z"
      },
      {
        "airline": "Alaska Airlines",
        "flight": "7744",
        "fromCode": "AMS",
        "fromCity": "Amsterdam",
        "departTime": "2017-01-15T10:20:00Z",
        "toCode": "BCN",
        "toCity": "Barcelona",
        "arrivalTime": "2017-01-15T12:35:00Z"
      }
    ]
  },
  {
    "id": "84",
    "duration": "37h 39m",
    "price": "1069",
    "fromCode": "SEA",
    "toCode": "BCN",
    "distance": "2900",
    "stop": "2",
    "fldate": "2017-01-14T00:00:00Z",
    "segments": [
      {
        "airline": "Turkish Airlines",
        "flight": "8852",
        "fromCode": "SEA",
        "fromCity": "Seattle",
        "departTime": "2017-01-14T13:41:00Z",
        "toCode": "SFO",
        "toCity": "San Francisco",
        "arrivalTime": "2017-01-14T15:54:00Z"
      },
      {
        "airline": "Turkish Airlines",
        "flight": "6851",
        "fromCode": "SFO",
        "fromCity": "San Francisco",
        "departTime": "2017-01-14T18:10:00Z",
        "toCode": "SAW",
        "toCity": "Istanbul",
        "arrivalTime": "2017-01-15T17:15:00Z"
      },
      {
        "airline": "Turkish Airlines",
        "flight": "6851",
        "fromCode": "SFO",
        "fromCity": "San Francisco",
        "departTime": "2017-01-15T20:10:00Z",
        "toCode": "BCN",
        "toCity": "Barcelona",
        "arrivalTime": "2017-01-15T23:15:00Z"
      }
    ]
  },
  {
    "id": "85",
    "duration": "15h 10m",
    "price": "2114",
    "fromCode": "BCN",
    "toCode": "SEA",
    "distance": "3883",
    "stop": "1",
    "fldate": "2017-01-15T00:00:00Z",
    "segments": [
      {
        "airline": "British Airway",
        "flight": "88473",
        "fromCode": "BCN",
        "fromCity": "Barcelona",
        "departTime": "2017-01-15T10:10:00Z",
        "toCode": "LHR",
        "toCity": "London",
        "arrivalTime": "2017-01-15T11:35:00Z"
      },
      {
        "airline": "Finnair",
        "flight": "55449",
        "fromCode": "LHR",
        "fromCity": "London",
        "departTime": "2017-01-15T14:25:00Z",
        "toCode": "SEA",
        "toCity": "Seattle",
        "arrivalTime": "2017-01-16T16:20:00Z"
      }
    ]
  },
  {
    "id": "86",
    "duration": "15h 10m",
    "price": "3079",
    "fromCode": "BCN",
    "toCode": "SEA",
    "distance": "3886",
    "stop": "1",
    "fldate": "2017-01-15T00:00:00Z",
    "segments": [
      {
        "airline": "British Airway",
        "flight": "88473",
        "fromCode": "BCN",
        "fromCity": "Barcelona",
        "departTime": "2017-01-15T10:10:00Z",
        "toCode": "LHR",
        "toCity": "London",
        "arrivalTime": "2017-01-15T11:35:00Z"
      },
      {
        "airline": "Virgin",
        "flight": "55105",
        "fromCode": "LHR",
        "fromCity": "London",
        "departTime": "2017-01-15T13:15:00Z",
        "toCode": "SEA",
        "toCity": "Seattle",
        "arrivalTime": "2017-01-15T14:55:00Z"
      }
    ]
  },
  {
    "id": "87",
    "duration": "14h 28m",
    "price": "3098",
    "fromCode": "BCN",
    "toCode": "SEA",
    "distance": "3887",
    "stop": "1",
    "fldate": "2017-01-15T00:00:00Z",
    "segments": [
      {
        "airline": "KLM Royal Dutch",
        "flight": "77662",
        "fromCode": "BCN",
        "fromCity": "Barcelona",
        "departTime": "2017-01-15T16:10:00Z",
        "toCode": "AMS",
        "toCity": "Amsterdam",
        "arrivalTime": "2017-01-15T08:33:00Z"
      },
      {
        "airline": "KLM Royal Dutch",
        "flight": "66033",
        "fromCode": "AMS",
        "fromCity": "Amsterdam",
        "departTime": "2017-01-15T09:50:00Z",
        "toCode": "SEA",
        "toCity": "Seattle",
        "arrivalTime": "2017-01-15T11:28:00Z"
      }
    ]
  },
  {
    "id": "88",
    "duration": "44h 55m",
    "price": "869",
    "fromCode": "SEA",
    "toCode": "BCN",
    "distance": "3880",
    "stop": "2",
    "fldate": "2017-01-15T00:00:00Z",
    "segments": [
      {
        "airline": "Turkish",
        "flight": "8677",
        "fromCode": "SEA",
        "fromCity": "Seattle",
        "departTime": "2017-01-15T08:20:00Z",
        "toCode": "YYZ",
        "toCity": "Toronto",
        "arrivalTime": "2017-01-15T15:50:00Z"
      },
      {
        "airline": "Turkish",
        "flight": "2218",
        "fromCode": "YYT",
        "fromCity": "Toronto",
        "departTime": "2017-01-15T22:15:00Z",
        "toCode": "IST",
        "toCity": "Istanbul",
        "arrivalTime": "2017-01-16T16:05:00Z"
      },
      {
        "airline": "Turkish",
        "flight": "99467",
        "fromCode": "IST",
        "fromCity": "Istanbul",
        "departTime": "2017-01-09T12:35:00Z",
        "toCode": "BCN",
        "toCity": "Barcelona",
        "arrivalTime": "2017-01-09T14:15:59Z"
      }
    ]
  },
  {
    "id": "89",
    "duration": "41h 10m",
    "price": "878",
    "fromCode": "SEA",
    "toCode": "BCN",
    "distance": "3881",
    "stop": "2",
    "fldate": "2017-01-15T00:00:00Z",
    "segments": [
      {
        "airline": "Turkish",
        "flight": "8677",
        "fromCode": "SEA",
        "fromCity": "Seattle",
        "departTime": "2017-01-15T08:20:00Z",
        "toCode": "YYZ",
        "toCity": "Toronto",
        "arrivalTime": "2017-01-15T15:50:00Z"
      },
      {
        "airline": "Turkish",
        "flight": "2218",
        "fromCode": "YYT",
        "fromCity": "Toronto",
        "departTime": "2017-01-15T22:15:00Z",
        "toCode": "IST",
        "toCity": "Istanbul",
        "arrivalTime": "2017-01-16T16:05:00Z"
      },
      {
        "airline": "Turkish",
        "flight": "81853",
        "fromCode": "IST",
        "fromCity": "Istanbul",
        "departTime": "2017-01-09T08:50:00Z",
        "toCode": "BCN",
        "toCity": "Barcelona",
        "arrivalTime": "2017-01-09T10:30:59Z"
      }
    ]
  },
  {
    "id": "90",
    "duration": "39h 30m",
    "price": "878",
    "fromCode": "SEA",
    "toCode": "BCN",
    "distance": "3882",
    "stop": "2",
    "fldate": "2017-01-15T00:00:00Z",
    "segments": [
      {
        "airline": "Turkish",
        "flight": "88617",
        "fromCode": "SEA",
        "fromCity": "Seattle",
        "departTime": "2017-01-15T13:45:00Z",
        "toCode": "ORD",
        "toCity": "Chicago",
        "arrivalTime": "2017-01-15T19:41:00Z"
      },
      {
        "airline": "Turkish",
        "flight": "8860",
        "fromCode": "ORD",
        "fromCity": "Chicago",
        "departTime": "2017-01-15T21:20:00Z",
        "toCode": "IST",
        "toCity": "Istanbul",
        "arrivalTime": "2017-01-16T16:45:00Z"
      },
      {
        "airline": "Turkish",
        "flight": "99467",
        "fromCode": "IST",
        "fromCity": "Istanbul",
        "departTime": "2017-01-09T12:35:00Z",
        "toCode": "BCN",
        "toCity": "Barcelona",
        "arrivalTime": "2017-01-09T14:15:59Z"
      }
    ]
  },
  {
    "id": "91",
    "duration": "29h 15m",
    "price": "1714",
    "fromCode": "BCN",
    "toCode": "SEA",
    "distance": "3885",
    "stop": "1",
    "fldate": "2017-01-16T00:00:00Z",
    "segments": [
      {
        "airline": "Air China",
        "flight": "55842",
        "fromCode": "BCN",
        "fromCity": "Barcelona",
        "departTime": "2017-01-16T11:25:00Z",
        "toCode": "PEK",
        "toCity": "Beijing",
        "arrivalTime": "2017-01-09T07:15:00Z"
      },
      {
        "airline": "China Southern",
        "flight": "57155",
        "fromCode": "PEK",
        "fromCity": "Beijing",
        "departTime": "2017-01-09T12:20:00Z",
        "toCode": "SEA",
        "toCity": "Seattle",
        "arrivalTime": "2017-01-09T07:40:00Z"
      }
    ]
  }
]
