﻿[
  {
    "id": "0",
    "fromName": "Seattle",
    "fromCode": "SEA",
    "toName": "Barcelona",
    "toCode": "BCN",
    "price": "1100",
    "departTime": "2017-03-04T08:45:00Z",
    "arrivalTime": "2017-03-05T14:55:00Z",
    "hours": "10h 30m",
    "stops": "1",
    "since": null
  },
  {
    "id": "1",
    "fromName": "Barcelona",
    "fromCode": "BCN",
    "toName": "Seattle",
    "toCode": "SEA",
    "price": "750",
    "departTime": "2017-03-04T08:45:00Z",
    "arrivalTime": "2017-03-05T12:20:00Z",
    "hours": "09h 15m",
    "stops": "1",
    "since": null
  },
  {
    "id": "2",
    "fromName": "Seattle",
    "fromCode": "SEA",
    "toName": "Barcelona",
    "toCode": "BCN",
    "price": "1070",
    "departTime": "2017-03-04T08:45:00Z",
    "arrivalTime": "2017-03-05T14:25:00Z",
    "hours": "10h 0m",
    "stops": "1",
    "since": null
  },
  {
    "id": "3",
    "fromName": "Seattle",
    "fromCode": "SEA",
    "toName": "Barcelona",
    "toCode": "BCN",
    "price": "750",
    "departTime": "2017-03-04T08:45:00Z",
    "arrivalTime": "2017-03-05T14:25:00Z",
    "hours": "11h 20m",
    "stops": "1",
    "since": null
  },
  {
    "id": "4",
    "fromName": "Seattle",
    "fromCode": "SEA",
    "toName": "Barcelona",
    "toCode": "BCN",
    "price": "479",
    "departTime": null,
    "arrivalTime": null,
    "hours": null,
    "stops": null,
    "since": "2017-02-13T00:00:01Z"
  },
  {
    "id": "5",
    "fromName": "Seattle",
    "fromCode": "SEA",
    "toName": "Barcelona",
    "toCode": "BCN",
    "price": "535",
    "departTime": null,
    "arrivalTime": null,
    "hours": null,
    "stops": null,
    "since": "2017-02-13T00:00:01Z"
  },
  {
    "id": "6",
    "fromName": "Seattle",
    "fromCode": "SEA",
    "toName": "Barcelona",
    "toCode": "BCN",
    "price": "626",
    "departTime": null,
    "arrivalTime": null,
    "hours": null,
    "stops": null,
    "since": "2017-02-13T00:00:01Z"
  },
  {
    "id": "7",
    "fromName": "Barcelona",
    "fromCode": "BCN",
    "toName": "Seattle",
    "toCode": "SEA",
    "price": "528",
    "departTime": null,
    "arrivalTime": null,
    "hours": null,
    "stops": null,
    "since": "2017-02-13T00:00:01Z"
  },
  {
    "id": "8",
    "fromName": "Seattle",
    "fromCode": "SEA",
    "toName": "Barcelona",
    "toCode": "BCN",
    "price": "1100",
    "departTime": "2017-03-04T08:45:00Z",
    "arrivalTime": "2017-03-05T14:55:00Z",
    "hours": "10h 30m",
    "stops": "1",
    "since": null
  }
]
